Latitude and Longitude,Class of Land,vh,vv,RVI
"(10.323727047081501, 105.2516346045924)",Rice,0.007939668372273445,0.22903338074684143,0.024530991437508066
"(10.322364360592521, 105.27843410554115)",Rice,0.001957885455340147,0.026450421661138535,0.07237238418220136
"(10.321455902933202, 105.25254306225168)",Rice,0.014929931610822678,0.17680864036083221,0.0869125487730026
"(10.324181275911162, 105.25118037576274)",Rice,0.008318106643855572,0.06714353710412979,0.1463886230697367
"(10.324635504740822, 105.27389181724476)",Rice,0.00946503784507513,0.19912917912006378,0.03866251732291557
"(10.323727047081501, 105.28070524968936)",Rice,0.004031813703477383,0.03855447843670845,0.11652146404829669
"(10.325089733570481, 105.23937042619212)",Rice,0.006826890166848898,0.14696677029132843,0.03740991440108519
"(10.324181275911162, 105.25390574874059)",Rice,0.006167357787489891,0.0781557634472847,0.07912044054048167
"(10.321001674103542, 105.24436694331814)",Rice,0.007069231476634741,0.07062317430973053,0.10978687930235269
"(10.321001674103542, 105.2416415703403)",Rice,0.004603045526891947,0.07616272568702698,0.05442355165768752
"(10.324635504740822, 105.25572266405916",Rice,0.005516419652849436,0.03253961354494095,0.220755056946766
"(10.321001674103542, 105.2334654514068)",Rice,0.009272811003029346,0.07694107294082642,0.14109489079347204
"(10.32327281825184, 105.26753261362978)",Rice,0.005206593312323093,0.054430678486824036,0.1031843479301364
"(10.324181275911162, 105.28115947851899)",Rice,0.007774443365633488,0.0889812782406807,0.09110641617175678
"(10.321001674103542, 105.2598107235259)",Rice,0.008941808715462685,0.17717613279819489,0.04212265074926916
"(10.32327281825184, 105.24073311268103)",Rice,0.005473529454320669,0.058020442724227905,0.10124240063430706
"(10.324635504740822, 105.27843410554115)",Rice,0.0030841112602502108,0.022759558632969856,0.16490118220161615
"(10.324181275911162, 105.2348281378957)",Rice,0.0031840067822486162,0.07109560817480087,0.03549903127297685
"(10.321455902933202, 105.23301122257715)",Rice,0.00545252300798893,0.09400313347578049,0.05134663873409024
"(10.323727047081501, 105.26026495235556)",Rice,0.004066712688654661,0.01907210424542427,0.29472264242650315
"(10.325089733570481, 105.28025102085971)",Rice,0.0035431026481091976,0.07581958919763565,0.03773210274058777
"(10.32009321644422, 105.23210276491787)",Rice,0.006457177456468344,0.05453849211335182,0.1377766337383934
"(10.322364360592521, 105.27797987671151)",Rice,0.006222963333129883,0.05581749230623245,0.12707010428163232
"(10.32327281825184, 105.27752564788187)",Rice,0.007800194900482893,0.21125541627407074,0.026877359453467968
"(10.324635504740822, 105.2652614694816)",Rice,0.0027440327685326338,0.011568804271519184,0.33578039940357374
"(10.320547445273881, 105.2266520189622)",Rice,0.006571792997419834,0.117527537047863,0.048745176677799526
"(10.323727047081501, 105.2652614694816)",Rice,0.0033993981778621674,0.16828157007694244,0.011144993416738457
"(10.325089733570481, 105.23528236672536)",Rice,0.003948003984987736,0.03775927051901817,0.11649536575874611
"(10.324635504740822, 105.26798684245944)",Rice,0.003578572766855359,0.043687138706445694,0.08333078459284453
"(10.32281858942218, 105.26435301182232)",Rice,0.009750742465257645,0.07806593924760818,0.14799634384463406
"(10.325089733570481, 105.26344455416304)",Rice,0.0018230043351650238,0.011939094401896,0.19284773363846414
"(10.323727047081501, 105.24572962980707)",Rice,0.010495784692466259,0.18146036565303802,0.05114218908403374
"(10.324635504740822, 105.2334654514068)",Rice,0.003097575856372714,0.07715398073196411,0.030332815246367086
"(10.325089733570481, 105.23164853608824)",Rice,0.007964126765727997,0.04694026708602905,0.22098184010416252
"(10.32327281825184, 105.26571569831123)",Rice,0.005222420673817396,0.12696366012096405,0.031411536450347485
"(10.31963898761456, 105.23074007842897)",Rice,0.005026387516409159,0.06168445199728012,0.08272739221749158
"(10.320547445273881, 105.22983162076967)",Rice,0.0060297343879938126,0.013103294186294079,0.7076714643414737
"(10.32281858942218, 105.28115947851899)",Rice,0.00397088099271059,0.03335081785917282,0.13881877003948523
"(10.321910131762861, 105.23028584959931)",Rice,0.004659165162593126,0.0794391930103302,0.05216039534434829
"(10.324181275911162, 105.26071918118518)",Rice,0.004860070999711752,0.02583843283355236,0.25196957165063544
"(10.325089733570481, 105.26026495235556)",Rice,0.0027717389166355133,0.027188733220100403,0.11255518114109402
"(10.325089733570481, 105.2448211721478)",Rice,0.006067972630262375,0.14820770919322968,0.031201767721924508
"(10.324181275911162, 105.24300425682924)",Rice,0.0030216018203645945,0.04030637815594673,0.07366533676185565
"(10.32281858942218, 105.27570873256332)",Rice,0.005725804716348648,0.15858212113380432,0.026021181935578664
"(10.323727047081501, 105.28252216500792)",Rice,0.004959993530064821,0.03380337357521057,0.1830835880335084
"(10.31963898761456, 105.23937042619212)",Rice,0.021706165745854378,0.2601669728755951,0.08547795564634403
"(10.32281858942218, 105.28161370734864)",Rice,0.004717538133263588,0.04644293710589409,0.11200341518782438
"(10.324635504740822, 105.28161370734864)",Rice,0.006155874114483595,0.13774660229682922,0.03539094708594363
"(10.32327281825184, 105.26117341001483)",Rice,0.007689835038036108,0.13724468648433685,0.048885241480606766
"(10.32327281825184, 105.2788883343708)",Rice,0.006631715223193169,0.04661068320274353,0.1758378551781265
"(10.324181275911162, 105.2516346045924)",Rice,0.0068089948035776615,0.05125854164361954,0.16061436818051517
"(10.323727047081501, 105.23982465502175)",Rice,0.006064295303076506,0.06144806742668152,0.10768508181392346
"(10.31963898761456, 105.23028584959931)",Rice,0.0024959805887192488,0.06594455242156982,0.027858114681520725
"(10.32327281825184, 105.28706445330431)",Rice,0.00846965704113245,0.019881362095475197,0.6531391490186431
"(10.324181275911162, 105.27752564788187)",Rice,0.004303282126784325,0.08738912642002106,0.040668640030933643
"(10.323727047081501, 105.26480724065195)",Rice,0.00289717735722661,0.10053803771734238,0.018750807794200814
"(10.321910131762861, 105.2266520189622)",Rice,0.0034151833970099688,0.033296070992946625,0.11349642989568239
"(10.324181275911162, 105.25072614693312)",Rice,0.005252462346106768,0.04875846579670906,0.121305907808938
"(10.32327281825184, 105.27071221543727)",Rice,0.005005565006285906,0.16348254680633545,0.020482631658269954
"(10.325089733570481, 105.25890226586662)",Rice,0.014450034126639366,0.16052919626235962,0.09492564295695899
"(10.321455902933202, 105.25208883342202)",Rice,0.0035027924459427595,0.12066741287708282,0.01895201969850798
"(10.324635504740822, 105.26162763884446)",Rice,0.006501148920506239,0.05481135845184326,0.1381088622662246
"(10.325089733570481, 105.28751868213396)",Rice,0.00238795462064445,0.014976291917264462,0.20399296035194867
"(10.32009321644422, 105.24845500278491)",Rice,0.009663664735853672,0.16484947502613068,0.05212314049005946
"(10.324181275911162, 105.23982465502175)",Rice,0.003909154329448938,0.06427726149559021,0.05490822716793938
"(10.31963898761456, 105.23891619736247)",Rice,0.005248560570180416,0.122696153819561,0.03323431928047008
"(10.325089733570481, 105.26389878299267)",Rice,0.002355045871809125,0.01975242607295513,0.1390754339322842
"(10.321455902933202, 105.26117341001483)",Rice,0.00537134800106287,0.24432410299777985,0.012620279741140826
"(10.319184758784901, 105.22710624779182)",Rice,0.0031809441279619932,0.01794234663248062,0.23375003636454583
"(10.321001674103542, 105.25254306225168)",Rice,0.008066949434578419,0.06819561123847961,0.1376121937088482
"(10.321455902933202, 105.23164853608824)",Rice,0.008808598853647709,0.24743442237377167,0.025494245922610976
"(10.324181275911162, 105.24936346044419)",Rice,0.008660529740154743,0.08037828654050827,0.12134101150247056
"(10.324181275911162, 105.27979679203008)",Rice,0.002454844769090414,0.03703450784087181,0.06199776345664266
"(10.324181275911162, 105.2598107235259)",Rice,0.005932471249252558,0.01841909810900688,0.48097557461165663
"(10.324181275911162, 105.28706445330431)",Rice,0.004392792005091906,0.01863461546599865,0.3332754955965391
"(10.32281858942218, 105.27934256320043)",Rice,0.0013668385799974203,0.0025828008074313402,0.814328559673882
"(10.320547445273881, 105.22710624779182)",Rice,0.005087109748274088,0.25851279497146606,0.010723801798486365
"(10.32327281825184, 105.26162763884446)",Rice,0.003383791772648692,0.03254873305559158,0.11559361213947322
"(10.324635504740822, 105.25208883342202)",Rice,0.003425156930461526,0.0806955024600029,0.032864475111175476
"(10.321001674103542, 105.25027191810346)",Rice,0.013805050402879715,0.17585426568984985,0.07855172307808268
"(10.318730529955241, 105.22756047662148)",Rice,0.004215695429593325,0.09921327233314514,0.03291550679172146
"(10.31963898761456, 105.23255699374752)",Rice,0.005196360871195793,0.10670316964387894,0.040028245110839036
"(10.323727047081501, 105.23800773970319)",Rice,0.006491430103778839,0.05547259375452995,0.13563168288461203
"(10.323727047081501, 105.27797987671151)",Rice,0.00942917075008154,0.10611514002084732,0.09324968905526274
"(10.323727047081501, 105.26844107128906)",Rice,0.004785552620887756,0.07153625786304474,0.06280368682441406
"(10.31963898761456, 105.2416415703403)",Rice,0.005368370097130537,0.03858551010489464,0.17073707381604467
"(10.32327281825184, 105.25663112171844)",Rice,0.011283032596111298,0.18639269471168518,0.05454673214900349
"(10.32327281825184, 105.27979679203008)",Rice,0.002100758720189333,0.01679057627916336,0.1483304381723216
"(10.323727047081501, 105.28888136862287)",Rice,0.014590767212212086,0.07245300710201263,0.2745178651373299
"(10.324635504740822, 105.26344455416304)",Rice,0.0026434995234012604,0.010804072953760624,0.348628594891211
"(10.324181275911162, 105.26208186767411)",Rice,0.002682802500203252,0.030736001208424568,0.09098225482626324
"(10.319184758784901, 105.23573659555498)",Rice,0.007576667238026857,0.05402487516403198,0.17254005513225848
"(10.320547445273881, 105.25435997757023)",Rice,0.0032524671405553818,0.0243834275752306,0.1614987158886701
"(10.31963898761456, 105.24255002799958)",Rice,0.009580645710229874,0.07662912458181381,0.14818949908433765
"(10.320547445273881, 105.23619082438464)",Rice,0.003147419774904847,0.07521472126245499,0.03219827126090033
"(10.324181275911162, 105.23709928204391)",Rice,0.008214465342462063,0.03478442132472992,0.33399743178670444
"(10.324635504740822, 105.26026495235556)",Rice,0.004992673173546791,0.0866386815905571,0.05087372478159825
"(10.32009321644422, 105.23846196853285)",Rice,0.006104774307459593,0.08683954924345016,0.06733333167705363
"(10.325089733570481, 105.25617689288879)",Rice,0.0070724100805819035,0.07874803990125656,0.09462915500690304
"(10.321455902933202, 105.23074007842897)",Rice,0.01421281322836876,0.20030006766319275,0.06821816004633276
"(10.325089733570481, 105.26071918118518)",Rice,0.004264528397470713,0.13163582980632782,0.02223492174216562
"(10.323727047081501, 105.24073311268103)",Rice,0.01006912812590599,0.08724576234817505,0.1331308928789947
"(10.323727047081501, 105.24345848565886)",Rice,0.0024703468661755323,0.037826523184776306,0.06071415088730828
"(10.325089733570481, 105.27979679203008)",Rice,0.0052443561144173145,0.10027223825454712,0.04432177091777148
"(10.323727047081501, 105.27752564788187)",Rice,0.003858377458527684,0.17487987875938416,0.01268646962345907
"(10.318276301125582, 105.22619779013255)",Rice,0.009808200411498547,0.23346425592899323,0.032382067801389344
"(10.321455902933202, 105.22710624779182)",Rice,0.0027230146806687117,0.12142211198806763,0.012993927867684291
"(10.325089733570481, 105.2666241559705)",Rice,0.007045014761388302,0.10317742079496384,0.06463650234052354
"(10.321001674103542, 105.26026495235556)",Rice,0.006648367270827293,0.2261291891336441,0.01930726859383964
"(10.32009321644422, 105.24118734151068)",Rice,0.0025041259359568357,0.07784781605005264,0.02200643405101007
"(10.324635504740822, 105.2857017668154)",Rice,0.003595293965190649,0.07292137295007706,0.04074061065585149
"(10.32009321644422, 105.24209579916996)",Rice,0.013456933200359344,0.11804534494876862,0.13094207575815714
"(10.32281858942218, 105.25572266405916)",Rice,0.005032919347286224,0.11923068761825562,0.032604234962454536
"(10.324635504740822, 105.25663112171844)",Rice,0.005315639078617096,0.2331628054380417,0.013311270967447119
"(10.325089733570481, 105.25345151991095)",Rice,0.006037497892975807,0.08737422525882721,0.0657269385951077
"(10.32327281825184, 105.27707141905222)",Rice,0.005596388131380081,0.17756398022174835,0.02136360154303067
"(10.323727047081501, 105.22892316311038)",Rice,0.004204534459859133,0.07372551411390305,0.050127892398646276
"(10.32327281825184, 105.2334654514068)",Rice,0.007172904442995787,0.04050416499376297,0.23342008881344223
"(10.319184758784901, 105.23846196853285)",Rice,0.011569849215447903,0.03525179997086525,0.491339274091869
"(10.325089733570481, 105.26753261362978)",Rice,0.0027781862299889326,0.014071114361286163,0.26781148997016807
"(10.318730529955241, 105.2334654514068)",Rice,0.006354677025228739,0.1382235288619995,0.03685920538505166
"(10.324635504740822, 105.28115947851899)",Rice,0.005488981492817402,0.008203654550015926,1.0152360815774664
"(10.324181275911162, 105.27525450373366)",Rice,0.011804632842540741,0.03751853480935097,0.4683411054665097
"(10.319184758784901, 105.22846893428076)",Rice,0.0009281175443902612,0.02668660879135132,0.024646391864742264
"(10.324181275911162, 105.24073311268103)",Rice,0.00802528951317072,0.11644447594881058,0.06548702288932931
"(10.323727047081501, 105.2788883343708)",Rice,0.001474257092922926,0.0328066311776638,0.035673172201596964
"(10.324181275911162, 105.26571569831123)",Rice,0.003919145558029413,0.09991919994354248,0.02932989053553635
"(10.32009321644422, 105.24800077395528)",Rice,0.009908458217978477,0.07716520875692368,0.15354612585246047
"(10.32327281825184, 105.23164853608824)",Rice,0.011647236533463001,0.028390653431415558,0.6276066862309376
"(10.318730529955241, 105.22983162076967)",Rice,0.014681563712656498,0.1446525752544403,0.11188070795740203
"(10.323727047081501, 105.24436694331814)",Rice,0.002021163236349821,0.011623002588748932,0.22805604740559907
"(10.324181275911162, 105.28206793617827)",Rice,0.002233111299574375,0.06061486154794693,0.026790982073148548
"(10.325089733570481, 105.28524753798575)",Rice,0.0032665394246578217,0.042947184294462204,0.07516841660367277
"(10.320547445273881, 105.22756047662148)",Rice,0.007927659898996353,0.1440720111131668,0.04764458352338767
"(10.32009321644422, 105.24527540097742)",Rice,0.0037663911934942007,0.09302842617034912,0.030702233676251692
"(10.324635504740822, 105.26980375777799)",Rice,0.005234801210463047,0.0736468955874443,0.06838264839168627
"(10.323727047081501, 105.24527540097742)",Rice,0.0037243585102260113,0.03339480236172676,0.1271276404698782
"(10.320547445273881, 105.23800773970319)",Rice,0.006759480573236942,0.05384328216314316,0.14900174104160563
"(10.324635504740822, 105.26616992714088)",Rice,0.002355647273361683,0.06316585093736649,0.027267772001277817
"(10.323727047081501, 105.27707141905222)",Rice,0.007286989130079746,0.06215469166636467,0.13597273639923715
"(10.321001674103542, 105.23028584959931)",Rice,0.005510067101567984,0.10541557520627975,0.04428405634604601
"(10.319184758784901, 105.23437390906608)",Rice,0.005810761824250221,0.03276408463716507,0.2338585723414276
"(10.320547445273881, 105.25208883342202)",Rice,0.010504674166440964,0.08557286113500595,0.14461092035708692
"(10.321910131762861, 105.24618385863673)",Rice,0.01196738425642252,0.4192480146884918,0.018493429374059
"(10.325089733570481, 105.26208186767411)",Rice,0.0019744595047086477,0.09885485470294952,0.01096104896396918
"(10.321455902933202, 105.2266520189622)",Rice,0.0058505479246377945,0.022775446996092796,0.36958464404080377
"(10.32327281825184, 105.28797291096359)",Rice,0.0048905969597399235,0.035448718816041946,0.1688534779043649
"(10.318730529955241, 105.2348281378957)",Rice,0.002243628492578864,0.048858825117349625,0.03679796332949015
"(10.324181275911162, 105.24890923161456)",Rice,0.0231391042470932,0.09611409902572632,0.3418808106838818
"(10.323727047081501, 105.2416415703403)",Rice,0.005278577096760273,0.06316457688808441,0.08567226981364656
"(9.983509653666161, 105.50282314738331)",Rice,0.019183306023478508,0.11812929809093475,0.20887168412257795
"(9.966248958139081, 105.52735150418388)",Rice,0.034763019531965256,0.10728800296783447,0.48425006057967884
"(9.962160898672142, 105.52008384290963)",Rice,0.01721975766122341,0.2502812147140503,0.06532997568972287
"(9.98169273834752, 105.53143956365062)",Rice,0.040155041962862015,0.19156013429164886,0.288561508069834
"(9.974425077072961, 105.48510822302734)",Rice,0.014273058623075485,0.311475545167923,0.03668695958205996
"(9.99259423025936, 105.51645001227251)",Rice,0.05201040208339691,0.19258326292037964,0.39221798240716343
"(9.982601196006842, 105.54779180151766)",Rice,0.03357527777552605,0.08577396720647812,0.5968427172971021
"(9.94490020314506, 105.52144652939856)",Rice,0.02716743014752865,0.1792052686214447,0.19105326529999997
"(9.991685772600041, 105.49600971493871)",Rice,0.026806795969605446,0.0803128182888031,0.5007533397708189
"(9.975787763561941, 105.49373857079053)",Rice,0.027123764157295227,0.10267474502325058,0.3821029354230957
"(9.992140001429702, 105.51645001227251)",Rice,0.03158821165561676,0.1739422082901001,0.2410090694634311
"(9.979421594199222, 105.50963657982791)",Rice,0.04552478343248367,0.08874503523111343,0.7897037866300398
"(9.976241992391602, 105.48601668068665)",Rice,0.021695420145988464,0.2181311696767807,0.10883437574667663
"(9.983509653666161, 105.52871419067279)",Rice,0.04905867204070091,0.3211725950241089,0.19294078164166936
"(9.990777314940722, 105.49964354557582)",Rice,0.04303090646862984,0.18188223242759705,0.33474067966859583
"(9.95443900856792, 105.52825996184316)",Rice,0.02573663741350174,0.14294123649597168,0.23839685401445584
"(9.994411145578, 105.50872812216863)",Rice,0.03137262165546417,0.07835888862609863,0.6114897399368805
"(9.98805194196276, 105.51054503748719)",Rice,0.02479684166610241,0.08670255541801453,0.4195133311557892
"(9.947171347293361, 105.51735846993179)",Rice,0.033615592867136,0.11624115705490112,0.424968451036257
"(9.97669622122126, 105.53734453843595)",Rice,0.023194201290607452,0.13938751816749573,0.2155368619801986
"(9.952622093249282, 105.51554155461324)",Rice,0.05226372554898262,0.1898360550403595,0.4012074090053326
"(9.964886271650101, 105.50009777440548)",Rice,0.02103300578892231,0.2549934685230255,0.08413678173339588
"(9.98941462845174, 105.52962264833207)",Rice,0.06721166521310806,0.17842765152454376,0.5725061462468807
"(9.95943552569418, 105.50691120685008)",Rice,0.040751777589321136,0.1809617280960083,0.31520391565700306
"(9.971245475265341, 105.49600971493871)",Rice,0.03923340514302254,0.07887326180934906,0.7658300007182691
"(9.97533353473228, 105.53371070779883)",Rice,0.02916896902024746,0.2548023462295532,0.1316830572067363
"(9.980330051858541, 105.51009080865757)",Rice,0.016065135598182678,0.06280079483985901,0.3677497935901904
"(9.966248958139081, 105.53280225013955)",Rice,0.030406765639781952,0.12256435304880142,0.35448769738581715
"(9.977150450050921, 105.50827389333898)",Rice,0.022257188335061073,0.24872048199176788,0.09415972584524442
"(9.97987582302888, 105.49600971493871)",Rice,0.02073151431977749,0.12133578956127167,0.22297969774791943
"(9.966248958139081, 105.49782663025726)",Rice,0.007233115378767252,0.6156752705574036,0.005005089110647322
"(9.977604678880581, 105.51508732578358)",Rice,0.03568048030138016,0.08613890409469604,0.6340615651054018
"(9.985326568984801, 105.50645697802042)",Rice,0.029341761022806168,0.25004589557647705,0.13613770726997695
"(9.98805194196276, 105.4991893167462)",Rice,0.02358386479318142,0.12930715084075928,0.24233129739131956
"(9.985780797814462, 105.54506642853983)",Rice,0.015589297749102116,0.3597821891307831,0.03385383696064682
"(9.986689255473781, 105.51099926631684)",Rice,0.06364501267671585,0.16362395882606506,0.5927838150446707
"(9.99123154377038, 105.51327041046503)",Rice,0.028760749846696854,0.0891619473695755,0.4817971117845261
"(9.974425077072961, 105.50827389333898)",Rice,0.01555357314646244,0.23760589957237244,0.06091355995513104
"(9.969882788776362, 105.49646394376836)",Rice,0.03348831832408905,0.06760672479867935,0.7626147614304233
"(9.956710152716221, 105.51645001227251)",Rice,0.014813405461609364,0.05078573152422905,0.42923504001403634
"(9.983509653666161, 105.53416493662849)",Rice,0.026094583794474602,0.21843941509723663,0.1394365657567144
"(9.976241992391602, 105.48556245185699)",Rice,0.034238580614328384,0.14572373032569885,0.33194129026985736
"(9.9512594067603, 105.51463309695396)",Rice,0.014823154546320438,0.1423356831073761,0.11586779280210821
"(9.972608161754321, 105.53461916545811)",Rice,0.02905667945742607,0.3510245084762573,0.08455015397038528
"(9.9785131365399, 105.52825996184316)",Rice,0.028295956552028656,0.057833291590213776,0.7532178042095515
"(9.996682289726301, 105.5005520032351)",Rice,0.03691812604665756,0.12037083506584167,0.45485408329086957
"(9.99259423025936, 105.52008384290963)",Rice,0.053767796605825424,0.1995803564786911,0.3910810177324229
"(9.996228060896641, 105.51463309695396)",Rice,0.0268855020403862,0.11458770185709,0.33137972542750016
"(9.989868857281401, 105.52053807173928)",Rice,0.030703214928507805,0.22548621892929077,0.16595637866639365
"(9.977150450050921, 105.5128161816354)",Rice,0.025888463482260704,0.15440170466899872,0.21765133656769364
"(9.953530550908601, 105.52871419067279)",Rice,0.013190912082791328,0.24292710423469543,0.04675327476467183
"(9.973062390583982, 105.5209923005689)",Rice,0.036756481975317,0.14061322808265686,0.3773477055818717
"(9.990323086111061, 105.51054503748719)",Rice,0.04817754775285721,0.17938785254955292,0.38964371921324065
"(9.954893237397581, 105.52508036003567)",Rice,0.027210380882024765,0.048409998416900635,0.8633833031910838
"(9.969428559946701, 105.50191468972403)",Rice,0.0544474795460701,0.12969428300857544,0.6431291851714558
"(9.972608161754321, 105.48965051132376)",Rice,0.0168964471668005,0.1775730699300766,0.10244146477758408
"(9.958072839205201, 105.52144652939856)",Rice,0.02684883587062359,0.20089949667453766,0.16190690554649415
"(9.973970848243301, 105.48737936717555)",Rice,0.028180144727230072,0.1507154256105423,0.25007797244631663
"(9.974879305902622, 105.48692513834592)",Rice,0.04743444547057152,0.19864621758460999,0.33852013129090114
"(9.97987582302888, 105.5141788681243)",Rice,0.022576723247766495,0.14914372563362122,0.19068579099890998
"(9.99123154377038, 105.50191468972403)",Rice,0.029103266075253487,0.10671891272068024,0.3967496448646794
"(9.95943552569418, 105.5323480213099)",Rice,0.01698235236108303,0.33775994181632996,0.04189742259692269
"(9.9626151275018, 105.52326344471712)",Rice,0.024420546367764473,0.1611943244934082,0.1908859239761944
"(9.952167864419621, 105.52689727535423)",Rice,0.031220467761158943,0.2853243947029114,0.12389854200519658
"(9.985780797814462, 105.54688334385838)",Rice,0.02304576151072979,0.15582294762134552,0.18498862617047926
"(9.977150450050921, 105.51009080865757)",Rice,0.03129032999277115,0.1449710726737976,0.29918469525626923
"(9.985780797814462, 105.50918235099826)",Rice,0.023263482376933098,0.07747777551412582,0.4438753486325943
"(9.984418111325482, 105.5073654356797)",Rice,0.043421223759651184,0.14260633289813995,0.4510733375774249
"(9.94807980495268, 105.51735846993179)",Rice,0.03223240748047829,0.2604789435863495,0.14616377867471445
"(9.974879305902622, 105.49010474015338)",Rice,0.03213614597916603,0.16894018650054932,0.25556963081461487
"(9.969428559946701, 105.49555548610908)",Rice,0.019322099164128304,0.13896387815475464,0.17059951343761762
"(9.999861891533921, 105.50645697802042)",Rice,0.03309791162610054,0.1930062174797058,0.2240258527518358
"(9.957164381545882, 105.53053110599134)",Rice,0.014918624423444271,0.24369066953659058,0.05542260942379225
"(9.958981296864522, 105.51690424110214)",Rice,0.018393581733107567,0.1083248108625412,0.22120756138261283
"(9.950805177930642, 105.51463309695396)",Rice,0.025287466123700142,0.062493763864040375,0.6184654874576242
"(9.959889754523841, 105.53007687716172)",Rice,0.020468855276703835,0.175629660487175,0.13489282950725756
"(9.995319603237322, 105.50146046089439)",Rice,0.04380592331290245,0.06159907951951027,1.0716856432247195
"(9.9785131365399, 105.50918235099826)",Rice,0.016139229759573936,0.06727637350559235,0.3404185796107305
"(9.959889754523841, 105.52508036003567)",Rice,0.02063656970858574,0.043047890067100525,0.7378465498846037
"(9.972608161754321, 105.48874205366448)",Rice,0.028614643961191177,0.21673643589019775,0.15931642429318987
"(9.966703186968742, 105.50009777440548)",Rice,0.031351372599601746,0.10912363231182098,0.42174141095340584
"(9.966703186968742, 105.53189379248028)",Rice,0.040814802050590515,0.0755017101764679,0.8314276745900823
"(9.987597713133102, 105.50509429153152)",Rice,0.024446634575724602,0.1844400316476822,0.16014837431812548
"(9.9467171184637, 105.5241719023764)",Rice,0.03250903636217117,0.13018563389778137,0.35727789473549926
"(9.982146967177181, 105.52780573301351)",Rice,0.019413843750953674,0.17090089619159698,0.1303222734291475
"(9.984418111325482, 105.49146742664232)",Rice,0.03991112485527992,0.08757571130990982,0.7006529072972246
"(9.977604678880581, 105.52462613120602)",Rice,0.04106450080871582,0.16710881888866425,0.3504468907834408
"(9.961252441012821, 105.51872115642072)",Rice,0.045473989099264145,0.06317362934350967,1.0831142129457938
"(9.984418111325482, 105.50918235099826)",Rice,0.010805106721818447,0.20723463594913483,0.04412656193457362
"(9.955347466227241, 105.52598881769495)",Rice,0.03683989867568016,0.2100970298051834,0.23049343972827918
"(9.97987582302888, 105.54052414024343)",Rice,0.022052621468901634,0.32054463028907776,0.06532426222029171
"(9.958527068034861, 105.52462613120602)",Rice,0.023351458832621574,0.12573064863681793,0.24796634020850203
"(9.985326568984801, 105.53416493662849)",Rice,0.012098449282348156,0.2468220293521881,0.04040219420820588
"(9.987597713133102, 105.52553458886531)",Rice,0.021007347851991653,0.07258020341396332,0.42539237931545093
"(9.978967365369561, 105.52553458886531)",Rice,0.01564272679388523,0.07047135382890701,0.30968304440300143
"(9.977604678880581, 105.4878335960052)",Rice,0.018899623304605484,0.15004752576351166,0.14966264359982143
"(9.974879305902622, 105.52371767354674)",Rice,0.02221352607011795,0.10438842326402664,0.29398532702258806
"(9.994865374407661, 105.51099926631684)",Rice,0.022723715752363205,0.1846027821302414,0.1451432341119151
"(9.977604678880581, 105.53825299609522)",Rice,0.011687163263559341,0.45355525612831116,0.01592592622147013
"(9.97351661941364, 105.54279528439164)",Rice,0.01428780984133482,0.09671910852193832,0.18470702520712426
"(9.99577383206698, 105.50554852036115)",Rice,0.018577689304947853,0.05883771553635597,0.4702257962962964
"(9.974879305902622, 105.48647090951627)",Rice,0.02128162793815136,0.1679820716381073,0.1508225478561309
"(9.9671574157984, 105.52326344471712)",Rice,0.016386520117521286,0.0675484910607338,0.3450447037993944
"(9.980784280688201, 105.5264430465246)",Rice,0.028522778302431107,0.04172173887491226,1.0349731500675843
"(9.964432042820441, 105.4991893167462)",Rice,0.013014779426157475,0.2569006383419037,0.04235197530815319
"(9.981238509517862, 105.5060027491908",Rice,0.030824536457657814,0.09144098311662674,0.5063476820636443
"(9.98805194196276, 105.50554852036115)",Rice,0.03337421268224716,0.1258995234966278,0.3836721569538855
"(9.986689255473781, 105.49146742664232)",Rice,0.019842684268951416,0.2722674310207367,0.07081752266698685
"(9.969428559946701, 105.49737240142764)",Rice,0.038257841020822525,0.2641128897666931,0.1800242682053121
"(9.987597713133102, 105.50009777440548)",Rice,0.03145092353224754,0.27924445271492004,0.1288273015774761
"(9.977150450050921, 105.54279528439164)",Rice,0.002969488501548767,0.059956882148981094,0.041004680958847524
"(9.973062390583982, 105.49101319781266)",Rice,0.020288284868001938,0.2346058189868927,0.08982315557827132
"(9.952167864419621, 105.52190075822818)",Rice,0.02849036455154419,0.08260557055473328,0.519469134020153
"(9.985326568984801, 105.49782663025726)",Rice,0.020886661484837532,0.12940900027751923,0.20722581958490843
"(9.976241992391602, 105.48647090951627)",Rice,0.03157436475157738,0.0957028791308403,0.4942375980866035
"(9.979421594199222, 105.49555548610908)",Rice,0.018902715295553207,0.046868789941072464,0.6162963695519975
"(9.984418111325482, 105.54506642853983)",Rice,0.02585131675004959,0.1411837339401245,0.24354127481804627
"(9.972608161754321, 105.53734453843595)",Rice,0.022243762388825417,0.13098888099193573,0.22123071443483527
"(9.980784280688201, 105.49646394376836)",Rice,0.059627287089824677,0.19362777471542358,0.456972815385296
"(9.98487234015514, 105.50146046089439)",Rice,0.044503383338451385,0.12437880784273148,0.5410952884658145
"(9.961252441012821, 105.52598881769495)",Rice,0.029788130894303322,0.14717718958854675,0.276243851978043
"(9.94989672027132, 105.51826692759107)",Rice,0.020479639992117882,0.3039449453353882,0.06344141062738144
"(9.98941462845174, 105.50827389333898)",Rice,0.057214125990867615,0.13128547370433807,0.6688815933070089
"(9.97533353473228, 105.48556245185699)",Rice,0.03215528279542923,0.12599806487560272,0.36670844176905687
"(9.9830554248365, 105.53870722492488)",Rice,0.027905531227588654,0.19171956181526184,0.1811642478498741
"(9.98805194196276, 105.5377987672656)",Rice,0.03362257406115532,0.2828653156757355,0.1385067008567713
"(9.982146967177181, 105.49646394376836)",Rice,0.02010088786482811,0.2284640073776245,0.09198630256990042
"(9.986689255473781, 105.50373160504259)",Rice,0.03864966705441475,0.06866908818483353,0.8645003765432435
"(9.994411145578, 105.51781269876145)",Rice,0.025903107598423958,0.10766159743070602,0.34162546168230995
"(9.982601196006842, 105.50327737621296)",Rice,0.05629756674170494,0.09706782549619675,0.8896176147004271
"(9.978967365369561, 105.50418583387224)",Rice,0.03528100624680519,0.0952499583363533,0.5620838601594316
"(10.001224578022901, 105.50464006270187)",Rice,0.027683256193995476,0.11106251925230026,0.3564971780283376
"(9.96897433111704, 105.52371767354674)",Rice,0.028866836801171303,0.06247057393193245,0.7106990630287039
"(9.950805177930642, 105.52008384290963)",Rice,0.02939036302268505,0.1496109664440155,0.2661233808433656
"(9.98941462845174, 105.4991893167462)",Rice,0.025756951421499252,0.11803273111581802,0.30325648186994136
"(9.97351661941364, 105.53643608077667)",Rice,0.030800776556134224,0.13260270655155182,0.3273486287431784
"(9.97533353473228, 105.52144652939856)",Rice,0.020781485363841057,0.1587149202823639,0.15757642209715395
"(9.9671574157984, 105.49373857079053)",Rice,0.02189919538795948,0.1196795105934143,0.24333541523889088
"(9.967611644628061, 105.50827389333898)",Rice,0.030151301994919777,0.1012783795595169,0.43952027498137747
"(9.982601196006842, 105.51690424110214)",Rice,0.016332320868968964,0.06038418784737587,0.39291499308561406
"(9.9830554248365, 105.53825299609522)",Rice,0.029960872605443,0.09334617108106613,0.47908199559209935
"(9.968520102287382, 105.4946470284498)",Rice,0.03849949315190315,0.25483065843582153,0.1901986584566068
"(9.974425077072961, 105.50645697802042)",Rice,0.015758229419589043,0.2289993166923523,0.06534569542096477
"(9.96397781399078, 105.52371767354674)",Rice,0.024735426530241966,0.12491004914045334,0.2688089411325387
"(9.991685772600041, 105.51645001227251)",Rice,0.019561219960451126,0.14637702703475952,0.1618952659548908
"(9.985780797814462, 105.50872812216863)",Rice,0.0164946299046278,0.10500092804431915,0.20009362629445265
"(9.981238509517862, 105.50373160504259)",Rice,0.04615723341703415,0.09214078634977341,0.7712509357270594
"(9.971699704095002, 105.4923758843016)",Rice,0.03626008704304695,0.31032654643058777,0.13535850228600024
"(9.95307632207894, 105.51599578344286)",Rice,0.024857966229319572,0.13208843767642975,0.25213395021595203
"(9.97987582302888, 105.51554155461324)",Rice,0.03716433420777321,0.12267868220806122,0.44844483546920055
"(10.481616988271316, 104.91150805695796)",Non Rice,0.13908708095550537,0.6506990790367126,0.2956146151594916
"(10.481162759441657, 104.91150805695796)",Non Rice,0.08785909414291382,0.32665279507637024,0.39033238537071757
"(10.480708530611997, 104.91150805695796)",Non Rice,0.029832152649760246,0.12803193926811218,0.32859567781277665
"(10.480254301782336, 104.91150805695796)",Non Rice,0.15954603254795074,0.31673169136047363,0.7755299967828437
"(10.479800072952678, 104.91150805695796)",Non Rice,0.05550723150372505,0.15665030479431152,0.5352992642082608
"(10.479345844123017, 104.91150805695796)",Non Rice,0.08495112508535385,0.5669019222259521,0.18818679403346553
"(10.478891615293357, 104.91150805695796)",Non Rice,0.03162989392876625,0.11529403179883957,0.39954693979794453
"(10.478437386463696, 104.91150805695796)",Non Rice,0.035555437207221985,0.10623892396688461,0.5022623054659519
"(10.477983157634037, 104.91150805695796)",Non Rice,0.05981111899018288,0.13366368412971497,0.6875372973172331
"(10.477528928804377, 104.91150805695796)",Non Rice,0.03787124902009964,0.17582640051841736,0.2984178631852562
"(10.477074699974716, 104.91150805695796)",Non Rice,0.08009546250104904,0.15973486006259918,0.7719971983459353
"(10.476620471145058, 104.91150805695796)",Non Rice,0.03409932181239128,0.2502062916755676,0.1661500405453281
"(10.476166242315397, 104.91150805695796)",Non Rice,0.08528594672679901,0.18308673799037933,0.716586690148628
"(10.475712013485737, 104.91150805695796)",Non Rice,0.03430439531803131,0.1141102984547615,0.44449747011589147
"(10.475257784656076, 104.91150805695796)",Non Rice,0.021951159462332726,0.059033576399087906,0.5644707381459402
"(10.474803555826417, 104.91150805695796)",Non Rice,0.08880522847175598,0.26648133993148804,0.4998614115572342
"(10.474349326996757, 104.91150805695796)",Non Rice,0.035130321979522705,0.18736553192138672,0.2509575713996049
"(10.473895098167096, 104.91150805695796)",Non Rice,0.01447699498385191,0.03499339520931244,0.6332272903038445
"(10.473440869337438, 104.91150805695796)",Non Rice,0.017958002164959908,0.265315443277359,0.06384666593169645
"(10.472986640507777, 104.91150805695796)",Non Rice,0.04808361455798149,0.15464767813682556,0.46203456617917554
"(10.472532411678117, 104.91150805695796)",Non Rice,0.010460774414241314,0.17701347172260284,0.052722175501948805
"(10.472078182848456, 104.91150805695796)",Non Rice,0.03847380727529526,0.05792051553726196,1.0086269173646134
"(10.471623954018797, 104.91150805695796)",Non Rice,0.03455405682325363,0.09728238731622696,0.536729337955936
"(10.481616988271316, 104.91196228578761)",Non Rice,0.03668087348341942,0.20626282691955566,0.23467186865619138
"(10.481162759441657, 104.91196228578761)",Non Rice,0.08054227381944656,0.39325520396232605,0.2803539658143152
"(10.480708530611997, 104.91196228578761)",Non Rice,0.06143350526690483,0.3548518419265747,0.22676772786219526
"(10.480254301782336, 104.91196228578761)",Non Rice,0.04761738330125809,0.20567484200000763,0.32604345848463956
"(10.479800072952678, 104.91196228578761)",Non Rice,0.05868905782699585,0.10076545923948288,0.8931830191544949
"(10.479345844123017, 104.91196228578761)",Non Rice,0.026906311511993408,0.06790284812450409,0.6047359605545904
"(10.478891615293357, 104.91196228578761)",Non Rice,0.05187510699033737,0.21985401213169098,0.33365238077957304
"(10.478437386463696, 104.91196228578761)",Non Rice,0.04268675670027733,0.12858374416828156,0.4977094397223243
"(10.477983157634037, 104.91196228578761)",Non Rice,0.09237620234489441,0.18983091413974762,0.7491145037102753
"(10.477528928804377, 104.91196228578761)",Non Rice,0.06287209689617157,0.21275265514850616,0.43578229807627816
"(10.477074699974716, 104.91196228578761)",Non Rice,0.0791059359908104,0.1088649332523346,1.0920380655418482
"(10.476620471145058, 104.91196228578761)",Non Rice,0.1507600098848343,0.37619924545288086,0.6121018218505941
"(10.476166242315397, 104.91196228578761)",Non Rice,0.0854194164276123,0.19982954859733582,0.6554789893607685
"(10.475712013485737, 104.91196228578761)",Non Rice,0.061648834496736526,0.2533849775791168,0.3462673508565809
"(10.475257784656076, 104.91196228578761)",Non Rice,0.033610664308071136,0.1433417797088623,0.3311240975877069
"(10.474803555826417, 104.91196228578761)",Non Rice,0.09880981594324112,0.2972419857978821,0.4984620930793017
"(10.474349326996757, 104.91196228578761)",Non Rice,0.030220400542020798,0.0446755476295948,1.0252335996586956
"(10.473895098167096, 104.91196228578761)",Non Rice,0.016177237033843994,0.06550139933824539,0.35257685286739937
"(10.473440869337438, 104.91196228578761)",Non Rice,0.010092453099787235,0.03452708199620247,0.43029622871928097
"(10.472986640507777, 104.91196228578761)",Non Rice,0.01976419985294342,0.09070488810539246,0.30270367515405033
"(10.472532411678117, 104.91196228578761)",Non Rice,0.022370073944330215,0.153656467795372,0.18121489244276243
"(10.472078182848456, 104.91196228578761)",Non Rice,0.09418941289186478,0.16661103069782257,0.8681617299047784
"(10.471623954018797, 104.91196228578761)",Non Rice,0.03993774950504303,0.19902752339839935,0.2732959433983988
"(10.471169725189137, 104.91196228578761)",Non Rice,0.11462870985269547,0.07605573534965515,1.8643489249469305
"(10.470715496359476, 104.91196228578761)",Non Rice,0.032283369451761246,0.22464995086193085,0.17815484257841405
"(10.470261267529818, 104.91196228578761)",Non Rice,0.022302407771348953,0.1615903079509735,0.16894324422374166
"(10.469807038700157, 104.91196228578761)",Non Rice,0.04051912575960159,0.14332027733325958,0.41389691478430124
"(10.469352809870497, 104.91196228578761)",Non Rice,0.05964643508195877,0.08216226100921631,1.0911449168035934
"(10.468898581040836, 104.91196228578761)",Non Rice,0.04176817089319229,0.19012822210788727,0.30576458825325015
"(10.468444352211177, 104.91196228578761)",Non Rice,0.048754047602415085,0.15678367018699646,0.4621029190307224
"(10.467990123381517, 104.91196228578761)",Non Rice,0.047047264873981476,0.49652567505836487,0.101853233071182
"(10.467535894551856, 104.91196228578761)",Non Rice,0.027855342254042625,0.17414425313472748,0.20483161556346524
"(10.467081665722198, 104.91196228578761)",Non Rice,0.047805264592170715,0.3145694434642792,0.19166232979468303
"(10.466627436892537, 104.91196228578761)",Non Rice,0.049735646694898605,0.0654183179140091,1.135385394224708
"(10.466173208062877, 104.91196228578761)",Non Rice,0.05168033763766289,0.2791008949279785,0.24702261398749706
"(10.465718979233216, 104.91196228578761)",Non Rice,0.06088300794363022,0.21353815495967865,0.41800140529974267
"(10.465264750403557, 104.91196228578761)",Non Rice,0.045507170259952545,0.38403743505477905,0.13793273068226905
"(10.464810521573897, 104.91196228578761)",Non Rice,0.10870175808668137,0.4491569995880127,0.3440554650139128
"(10.464356292744236, 104.91196228578761)",Non Rice,0.09146124869585037,0.2547677159309387,0.5430884734381324
"(10.463902063914578, 104.91196228578761)",Non Rice,0.042914241552352905,0.36572766304016113,0.1361281065480039
"(10.463447835084917, 104.91196228578761)",Non Rice,0.058039695024490356,0.5451011061668396,0.11940420216114227
"(10.462993606255257, 104.91196228578761)",Non Rice,0.035667724907398224,0.380033940076828,0.1005311054248227
"(10.462539377425596, 104.91196228578761)",Non Rice,0.10023758560419083,0.2960902452468872,0.508772972047123
"(10.462085148595937, 104.91196228578761)",Non Rice,0.04242461547255516,0.17705053091049194,0.33994514436823775
"(10.461630919766277, 104.91196228578761)",Non Rice,0.09801140427589417,0.3479820191860199,0.41208065457836046
"(10.461176690936616, 104.91196228578761)",Non Rice,0.059036411345005035,0.2003587931394577,0.43430717292011023
"(10.460722462106958, 104.91196228578761)",Non Rice,0.11836433410644531,0.38588547706604004,0.45490704612561156
"(10.460268233277297, 104.91196228578761)",Non Rice,0.05066973343491554,0.12397705018520355,0.6250892538475391
"(10.459814004447637, 104.91196228578761)",Non Rice,0.03270970657467842,0.08130700141191483,0.614641977689431
"(10.459359775617976, 104.91196228578761)",Non Rice,0.06114886328577995,0.09220295399427414,1.0071848471391842
"(10.458905546788317, 104.91196228578761)",Non Rice,0.06251922994852066,0.06426168233156204,1.385158950984736
"(10.482071217100977, 104.91241651461723)",Non Rice,0.03593042865395546,0.10918918251991272,0.4927928861435693
"(10.481616988271316, 104.91241651461723)",Non Rice,0.05943779647350311,0.1900838315486908,0.46504154104670425
"(10.481162759441657, 104.91241651461723)",Non Rice,0.045419737696647644,0.24340520799160004,0.2494450404105668
"(10.480708530611997, 104.91241651461723)",Non Rice,0.03889390453696251,0.14593002200126648,0.3861402011395013
"(10.480254301782336, 104.91241651461723)",Non Rice,0.060563113540410995,0.14240427315235138,0.6519779265540008
"(10.479800072952678, 104.91241651461723)",Non Rice,0.054331690073013306,0.2877117097377777,0.2532316539298498
"(10.479345844123017, 104.91241651461723)",Non Rice,0.020469939336180687,0.10771498829126358,0.2552580110678264
"(10.478891615293357, 104.91241651461723)",Non Rice,0.06586696952581406,0.15168799459934235,0.6663586181520801
"(10.478437386463696, 104.91241651461723)",Non Rice,0.04065793752670288,0.08638252317905426,0.7242106674730416
"(10.477983157634037, 104.91241651461723)",Non Rice,0.019189156591892242,0.21551662683486938,0.09351001675084288
"(10.477528928804377, 104.91241651461723)",Non Rice,0.01569386199116707,0.20293965935707092,0.0769271442693148
"(10.477074699974716, 104.91241651461723)",Non Rice,0.06008831784129143,0.22967445850372314,0.37772973103242435
"(10.476620471145058, 104.91241651461723)",Non Rice,0.06602967530488968,0.16871321201324463,0.5967330209708003
"(10.476166242315397, 104.91241651461723)",Non Rice,0.06774069368839264,0.35639938712120056,0.25531155964248586
"(10.475712013485737, 104.91241651461723)",Non Rice,0.1790579855442047,0.4294140636920929,0.6385421684694159
"(10.475257784656076, 104.91241651461723)",Non Rice,0.2096935212612152,0.2668481171131134,1.1675788780309095
"(10.474803555826417, 104.91241651461723)",Non Rice,0.02772868610918522,0.3449082672595978,0.08119420763361762
"(10.474349326996757, 104.91241651461723)",Non Rice,0.04542163386940956,0.25999265909194946,0.22941408775624356
"(10.473895098167096, 104.91241651461723)",Non Rice,0.027515100315213203,0.42866823077201843,0.05925261527791869
"(10.473440869337438, 104.91241651461723)",Non Rice,0.043119195848703384,0.19669082760810852,0.3049755149660886
"(10.472986640507777, 104.91241651461723)",Non Rice,0.026359397917985916,0.07606998085975647,0.5221874289206185
"(10.472532411678117, 104.91241651461723)",Non Rice,0.04042523726820946,0.4915488660335541,0.08379210888945614
"(10.472078182848456, 104.91241651461723)",Non Rice,0.2833440899848938,0.17012512683868408,1.975647743610049
"(10.471623954018797, 104.91241651461723)",Non Rice,0.03672858700156212,0.18935538828372955,0.2619157718160997
"(10.471169725189137, 104.91241651461723)",Non Rice,0.0581977516412735,0.6076326966285706,0.10336507507345792
"(10.470715496359476, 104.91241651461723)",Non Rice,0.04029175266623497,0.18035009503364563,0.3121421387451664
"(10.325089733570481, 105.4923758843016)",Non Rice,0.001777749857865274,0.00631472934037447,0.4118542791373364
"(10.325089733570481, 105.49283011313122)",Non Rice,0.003010088112205267,0.010526171885430813,0.4194505546102403
"(10.324635504740822, 105.49283011313122)",Non Rice,0.002208190504461527,0.0066766757518053055,0.49560816907767
"(10.325089733570481, 105.49328434196087)",Non Rice,0.003395623294636607,0.013667582534253597,0.35509806303310704
"(10.324635504740822, 105.49328434196087)",Non Rice,0.004472500644624233,0.011464152485132217,0.5946890322636993
"(10.324181275911162, 105.49328434196087)",Non Rice,0.003446314949542284,0.008530656807124615,0.6174074975739817
"(10.325089733570481, 105.49373857079053)",Non Rice,0.0035515904892235994,0.005147707182914019,1.0434413187827873
"(10.324635504740822, 105.49373857079053)",Non Rice,0.004956020042300224,0.016377270221710205,0.4478914876857725
"(10.324181275911162, 105.49373857079053)",Non Rice,0.00816303864121437,0.006721139419823885,1.6246150962259158
"(10.323727047081501, 105.49373857079053)",Non Rice,0.003125216346234083,0.00802038423717022,0.5939158408073303
"(10.325089733570481, 105.49419279962015)",Non Rice,0.008203399367630482,0.013810155913233757,0.9099457288191005
"(10.324635504740822, 105.49419279962015)",Non Rice,0.004223859868943691,0.005706036929041147,1.1097039742319725
"(10.324181275911162, 105.49419279962015)",Non Rice,0.00651125842705369,0.005338113289326429,1.6293500743090998
"(10.323727047081501, 105.49419279962015)",Non Rice,0.00564225111156702,0.008607408031821251,0.9966252670765047
"(10.32327281825184, 105.49419279962015)",Non Rice,0.005332407541573048,0.009062524884939194,0.9018421855750991
"(10.325089733570481, 105.4946470284498)",Non Rice,0.003784299362450838,0.010563170537352562,0.5418452053445719
"(10.324635504740822, 105.4946470284498)",Non Rice,0.00527617335319519,0.011970351450145245,0.6768402538289193
"(10.324181275911162, 105.4946470284498)",Non Rice,0.0030544225592166185,0.009279007092118263,0.49297838510910597
"(10.323727047081501, 105.4946470284498)",Non Rice,0.003576298477128148,0.005377577152103186,1.0097039179861926
"(10.32327281825184, 105.4946470284498)",Non Rice,0.002153222681954503,0.010666237212717533,0.2753523696481831
"(10.32281858942218, 105.4946470284498)",Non Rice,0.003699947614222765,0.008667760528624058,0.6545148611781473
"(10.325089733570481, 105.49510125727943)",Non Rice,0.030434610322117805,0.06996508687734604,0.6675948920299645
"(10.324635504740822, 105.49510125727943)",Non Rice,0.003064939519390464,0.010103680193424225,0.4491407610513958
"(10.324181275911162, 105.49510125727943)",Non Rice,0.003889830783009529,0.00912327878177166,0.653708941136141
"(10.323727047081501, 105.49510125727943)",Non Rice,0.010507508181035519,0.011103120632469654,1.3561523806425557
"(10.32327281825184, 105.49510125727943)",Non Rice,0.004050679504871368,0.0054206750355660915,1.1187516129675967
"(10.32281858942218, 105.49510125727943)",Non Rice,0.0031299989204853773,0.009350599721074104,0.5023693644012184
"(10.322364360592521, 105.49510125727943)",Non Rice,0.0033809207379817963,0.009169100783765316,0.5593012235920426
"(10.321910131762861, 105.49510125727943)",Non Rice,0.0033427865710109472,0.016866527497768402,0.26908878930352625
"(10.325089733570481, 105.49555548610908)",Non Rice,0.00557676749303937,0.003475936595350504,1.9340438294535833
"(10.324635504740822, 105.49555548610908)",Non Rice,0.002057021716609597,0.00657698605209589,0.46515709943743844
"(10.324181275911162, 105.49555548610908)",Non Rice,0.005646835081279278,0.009730832651257515,0.8900859347430139
"(10.323727047081501, 105.49555548610908)",Non Rice,0.3496312201023102,1.9285386800765991,0.24048950898574892
"(10.32327281825184, 105.49555548610908)",Non Rice,0.004114560782909393,0.011733443476259708,0.5291555384063095
"(10.32281858942218, 105.49555548610908)",Non Rice,0.0050579579547047615,0.01339498907327652,0.5740162816182075
"(10.322364360592521, 105.49555548610908)",Non Rice,0.004605751484632492,0.012801380828022957,0.5444022316600713
"(10.321910131762861, 105.49555548610908)",Non Rice,0.007911798544228077,0.00816032849252224,1.381537848213882
"(10.321455902933202, 105.49555548610908)",Non Rice,0.00704600615426898,0.017949339002370834,0.598667677966321
"(10.325089733570481, 105.49600971493871)",Non Rice,0.0036554746329784393,0.008571107871830463,0.6539100751485055
"(10.324635504740822, 105.49600971493871)",Non Rice,0.002142831217497587,0.019919725134968758,0.12107603503307918
"(10.324181275911162, 105.49600971493871)",Non Rice,0.005872085224837065,0.006435912102460861,1.3181578689993438
"(10.323727047081501, 105.49600971493871)",Non Rice,0.004332497715950012,0.016378965228796005,0.38269372458549505
"(10.32327281825184, 105.49600971493871)",Non Rice,0.004100089427083731,0.0083688385784626,0.7542343527284847
"(10.32281858942218, 105.49600971493871)",Non Rice,0.010561288334429264,0.045748963952064514,0.32490330632117376
"(10.322364360592521, 105.49600971493871)",Non Rice,0.004303683526813984,0.012824289500713348,0.5038039027541471
"(10.321910131762861, 105.49600971493871)",Non Rice,0.003459813306108117,0.03942915424704552,0.09164749534760111
"(10.321455902933202, 105.49600971493871)",Non Rice,0.00606875866651535,0.010254492983222008,0.9067755019840307
"(10.321001674103542, 105.49600971493871)",Non Rice,0.004082029219716787,0.013838320039212704,0.43486499563036746
"(10.325089733570481, 105.49646394376836)",Non Rice,0.005954028107225895,0.009289702400565147,0.9764261875284325
"(10.324635504740822, 105.49646394376836)",Non Rice,0.0030606535729020834,0.005188983399420977,0.9039179243998157
"(10.474349326996757, 105.53107618058692)",Non Rice,0.060769304633140564,0.2811655104160309,0.29968941824837875
"(10.473895098167096, 105.53107618058692)",Non Rice,0.04052567481994629,0.484623521566391,0.08574944472555455
"(10.474349326996757, 105.53153040941655)",Non Rice,0.04820694401860237,0.44160476326942444,0.12350389409029888
"(10.473895098167096, 105.53153040941655)",Non Rice,0.046512212604284286,0.38691097497940063,0.14061844075791424
"(10.473440869337438, 105.53153040941655)",Non Rice,0.08997238427400589,0.22177867591381073,0.6201716750133296
"(10.474803555826417, 105.5319846382462)",Non Rice,0.06071595102548599,0.39052677154541016,0.1974235140991414
"(10.474349326996757, 105.5319846382462)",Non Rice,0.10450144112110138,0.3597880005836487,0.42713012159900454
"(10.473895098167096, 105.5319846382462)",Non Rice,0.1413959562778473,0.4717142879962921,0.44300396823417304
"(10.473440869337438, 105.5319846382462)",Non Rice,0.12171313911676407,0.7603067755699158,0.20504472456454143
"(10.472986640507777, 105.5319846382462)",Non Rice,0.043778784573078156,0.3276289701461792,0.1618747425205047
"(10.472532411678117, 105.5319846382462)",Non Rice,0.07597765326499939,0.2842552065849304,0.3874483496970981
"(10.474803555826417, 105.53243886707584)",Non Rice,0.07756207883358002,0.3292693793773651,0.33297556248537985
"(10.474349326996757, 105.53243886707584)",Non Rice,0.05708911642432213,0.2969421148300171,0.2590166071370025
"(10.473895098167096, 105.53243886707584)",Non Rice,0.051689036190509796,0.40671437978744507,0.1514557879613186
"(10.473440869337438, 105.53243886707584)",Non Rice,0.047399476170539856,0.23193736374378204,0.2795940859994313
"(10.472986640507777, 105.53243886707584)",Non Rice,0.06252842396497726,0.3337448537349701,0.2507171453228669
"(10.472532411678117, 105.53243886707584)",Non Rice,0.05082349106669426,0.31393441557884216,0.20804134821170409
"(10.472078182848456, 105.53243886707584)",Non Rice,0.0675046369433403,0.41019415855407715,0.21248544208245523
"(10.475257784656076, 105.53289309590548)",Non Rice,-32768.0,-32768.0,1.4142135623730951
"(10.474803555826417, 105.53289309590548)",Non Rice,0.06167808920145035,0.42909806966781616,0.1782096312570957
"(10.474349326996757, 105.53289309590548)",Non Rice,0.030499005690217018,0.28811606764793396,0.11846472097474621
"(10.473895098167096, 105.53289309590548)",Non Rice,0.06748441606760025,0.07340702414512634,1.3259841108871855
"(10.473440869337438, 105.53289309590548)",Non Rice,0.04865250736474991,0.2995109558105469,0.20895032043403974
"(10.472986640507777, 105.53289309590548)",Non Rice,0.045783933252096176,0.5089908242225647,0.0948319328979709
"(10.472532411678117, 105.53289309590548)",Non Rice,0.09380701184272766,0.5160467624664307,0.24130947258720614
"(10.472078182848456, 105.53289309590548)",Non Rice,0.0723908394575119,0.33618026971817017,0.29832107142882414
"(10.471623954018797, 105.53289309590548)",Non Rice,0.08547942340373993,0.6387305855751038,0.16220176782913615
"(10.471169725189137, 105.53289309590548)",Non Rice,0.03346613422036171,0.5210539102554321,0.05930515427479521
"(10.475257784656076, 105.53334732473513)",Non Rice,-32768.0,-32768.0,1.4142135623730951
"(10.474803555826417, 105.53334732473513)",Non Rice,0.08608216792345047,0.28584447503089905,0.4453934745804045
"(10.474349326996757, 105.53334732473513)",Non Rice,0.039971694350242615,0.5928487181663513,0.06349917880324044
"(10.473895098167096, 105.53334732473513)",Non Rice,0.06057703495025635,0.2805462181568146,0.2993332924624993
"(10.473440869337438, 105.53334732473513)",Non Rice,0.034991394728422165,0.1903643012046814,0.24473667888719794
"(10.472986640507777, 105.53334732473513)",Non Rice,0.0668589174747467,0.2780475616455078,0.3413869952087799
"(10.472532411678117, 105.53334732473513)",Non Rice,0.06898514181375504,0.7286571264266968,0.10173750755130449
"(10.472078182848456, 105.53334732473513)",Non Rice,0.08761017769575119,0.4217243492603302,0.2853560976203096
"(10.471623954018797, 105.53334732473513)",Non Rice,0.08027361333370209,0.34415891766548157,0.3290078154338781
"(10.471169725189137, 105.53334732473513)",Non Rice,0.025777975097298622,0.5696214437484741,0.036034672672890636
"(10.470715496359476, 105.53334732473513)",Non Rice,0.11787381768226624,0.21024291217327118,0.8612781982695976
"(10.470261267529818, 105.53334732473513)",Non Rice,0.0979153960943222,0.2830614149570465,0.5211810969322542
"(10.475712013485737, 105.53380155356476)",Non Rice,-32768.0,-32768.0,1.4142135623730951
"(10.475257784656076, 105.53380155356476)",Non Rice,-32768.0,-32768.0,1.4142135623730951
"(10.474803555826417, 105.53380155356476)",Non Rice,0.032913852483034134,0.3495773673057556,0.10097081540570223
"(10.474349326996757, 105.53380155356476)",Non Rice,0.09942058473825455,0.4796616733074188,0.2845535919830017
"(10.473895098167096, 105.53380155356476)",Non Rice,0.1626707762479782,0.43493178486824036,0.5680749316342465
"(10.473440869337438, 105.53380155356476)",Non Rice,0.07524782419204712,0.24628938734531403,0.45284966388610876
"(10.472986640507777, 105.53380155356476)",Non Rice,0.06597607582807541,0.39318686723709106,0.21786600309777213
"(10.472532411678117, 105.53380155356476)",Non Rice,0.05932721495628357,0.5584920048713684,0.11902791093959741
"(10.472078182848456, 105.53380155356476)",Non Rice,0.09083093702793121,0.5765315890312195,0.20084820672304982
"(10.471623954018797, 105.53380155356476)",Non Rice,0.13988788425922394,0.6207417249679565,0.3154788891615226
"(10.015305671742361, 105.8103360650496)",Non Rice,0.008453614078462124,0.015154445543885231,0.8571033210590887
"(10.015305671742361, 105.81079029387922)",Non Rice,0.0057802521623671055,0.014064176008105278,0.6288141199275538
"(10.0148514429127, 105.81079029387922)",Non Rice,0.003846949664875865,0.010294769890606403,0.5675203204577014
"(10.015305671742361, 105.81124452270888)",Non Rice,0.0037628207355737686,0.018017154186964035,0.28723953908564087
"(10.0148514429127, 105.81124452270888)",Non Rice,0.0055817170068621635,0.004589918535202742,1.6260186641185272
"(10.014397214083042, 105.81124452270888)",Non Rice,0.00510941818356514,0.011167509481310844,0.7034909502043665
"(10.013942985253381, 105.81124452270888)",Non Rice,0.004620508756488562,0.025697942823171616,0.23797654872076007
"(10.015759900572021, 105.8116987515385)",Non Rice,0.004408305510878563,0.010169181041419506,0.6651866807971546
"(10.015305671742361, 105.8116987515385)",Non Rice,0.004999230150133371,0.010986602865159512,0.699538754568348
"(10.0148514429127, 105.8116987515385)",Non Rice,0.004492833279073238,0.013871243223547935,0.4840461897622985
"(10.014397214083042, 105.8116987515385)",Non Rice,0.0030650990083813667,0.007963759824633598,0.5860448932661326
"(10.013942985253381, 105.8116987515385)",Non Rice,0.0036227016244083643,0.007742487825453281,0.7198530031223127
"(10.01348875642372, 105.8116987515385)",Non Rice,0.00447511114180088,0.024389242753386497,0.2441872415935902
"(10.015759900572021, 105.81215298036815)",Non Rice,0.005610630847513676,0.006120938342064619,1.3229498293586461
"(10.015305671742361, 105.81215298036815)",Non Rice,0.00792749598622322,0.012402135878801346,0.9740242420664672
"(10.0148514429127, 105.81215298036815)",Non Rice,0.004609360359609127,0.010055098682641983,0.704890917663569
"(10.014397214083042, 105.81215298036815)",Non Rice,0.0038624831940978765,0.0063361660577356815,0.9322790213526077
"(10.013942985253381, 105.81215298036815)",Non Rice,0.0032990730833262205,0.009821798652410507,0.5043172937079161
"(10.01348875642372, 105.81215298036815)",Non Rice,0.006057314109057188,0.008141578175127506,1.1145471280974915
"(10.013034527594062, 105.81215298036815)",Non Rice,0.00832311064004898,0.008974097669124603,1.3351328132202522
"(10.015759900572021, 105.81260720919778)",Non Rice,0.004121894016861916,0.01418687216937542,0.42728397471526025
"(10.015305671742361, 105.81260720919778)",Non Rice,0.0052866810001432896,0.01423855870962143,0.5635599064582244
"(10.0148514429127, 105.81260720919778)",Non Rice,0.006354637444019318,0.010797331109642982,0.9020387611759438
"(10.014397214083042, 105.81260720919778)",Non Rice,0.009334110654890537,0.013742664828896523,1.0289794982004279
"(10.013942985253381, 105.81260720919778)",Non Rice,0.006254891864955425,0.01049300841987133,0.9129545356223577
"(10.01348875642372, 105.81260720919778)",Non Rice,0.0027463524602353573,0.013568591326475143,0.27625874074447393
"(10.013034527594062, 105.81260720919778)",Non Rice,0.0029109620954841375,0.01068516168743372,0.3962708734136954
"(10.012580298764401, 105.81260720919778)",Non Rice,0.003129857126623392,0.02001010999083519,0.19897689741442387
"(10.016214129401682, 105.81306143802743)",Non Rice,0.0033505442552268505,0.008275755681097507,0.6188291246206623
"(10.015759900572021, 105.81306143802743)",Non Rice,0.0037475640419870615,0.015522968024015427,0.34303862855995765
"(10.015305671742361, 105.81306143802743)",Non Rice,0.004575761500746012,0.006717515178024769,1.031632721929371
"(10.0148514429127, 105.81306143802743)",Non Rice,0.004767152946442366,0.007250454276800156,0.9993591922136559
"(10.014397214083042, 105.81306143802743)",Non Rice,0.004441054072231054,0.009508892893791199,0.7185057499320331
"(10.013942985253381, 105.81306143802743)",Non Rice,0.005720470100641251,0.013518615625798702,0.6485312782132338
"(10.01348875642372, 105.81306143802743)",Non Rice,0.00354052078910172,0.012015936896204948,0.4343048172505807
"(10.013034527594062, 105.81306143802743)",Non Rice,0.006914662662893534,0.013152355328202248,0.8090814192869433
"(10.012580298764401, 105.81306143802743)",Non Rice,0.003963245544582605,0.005013487301766872,1.1734349269315507
"(10.012126069934741, 105.81306143802743)",Non Rice,0.005487533286213875,0.01201572548598051,0.7021782489602665
"(10.01167184110508, 105.81306143802743)",Non Rice,0.0027167529333382845,0.006466997321695089,0.6435838107194619
"(10.016214129401682, 105.81351566685709)",Non Rice,0.002199617912992835,0.020489022135734558,0.12074472459070176
"(10.015759900572021, 105.81351566685709)",Non Rice,0.006559325382113457,0.007667435798794031,1.2522461123051576
"(10.015305671742361, 105.81351566685709)",Non Rice,0.004230397287756205,0.007162050344049931,0.9051200022918188
"(10.0148514429127, 105.81351566685709)",Non Rice,0.004511187318712473,0.008349540643393993,0.8309941273862403
"(10.014397214083042, 105.81351566685709)",Non Rice,0.002456653630360961,0.010533591732382774,0.3289651203564883
"(10.013942985253381, 105.81351566685709)",Non Rice,0.003893444314599037,0.010506240651011467,0.5623820579577494
"(10.01348875642372, 105.81351566685709)",Non Rice,0.004187851678580046,0.0065106297843158245,0.9796337103956788
"(10.013034527594062, 105.81351566685709)",Non Rice,0.005105845630168915,0.010753787122666836,0.7306709177977863
"(10.012580298764401, 105.81351566685709)",Non Rice,0.0041358936578035355,0.01152174174785614,0.543031187234823
"(10.012126069934741, 105.81351566685709)",Non Rice,0.002253113081678748,0.014280007220804691,0.20123440602702247
"(10.01167184110508, 105.81351566685709)",Non Rice,0.006001950707286596,0.006217699497938156,1.3769255750828158
"(10.009400696956781, 105.67088781435012)",Non Rice,0.08252722024917603,0.18622036278247833,0.6806736932270127
"(10.0103091546161, 105.67134204317975)",Non Rice,0.04299085587263107,0.6798897385597229,0.058012860292439024
"(10.009854925786442, 105.67134204317975)",Non Rice,0.06679452955722809,0.2425006479024887,0.4014316510633263
"(10.009400696956781, 105.67134204317975)",Non Rice,0.05529854819178581,0.13916143774986267,0.6065759827687831
"(10.008946468127121, 105.67134204317975)",Non Rice,0.16658449172973633,0.4671586751937866,0.5390659602256794
"(10.010763383445761, 105.6717962720094)",Non Rice,0.05721862614154816,0.3299781382083893,0.2272315081998492
"(10.0103091546161, 105.6717962720094)",Non Rice,0.09036165475845337,0.2848008871078491,0.4728322058842254
"(10.009854925786442, 105.6717962720094)",Non Rice,0.02996150404214859,0.26963895559310913,0.1265003405158425
"(10.009400696956781, 105.6717962720094)",Non Rice,0.025148920714855194,0.14362546801567078,0.23008017726356267
"(10.008946468127121, 105.6717962720094)",Non Rice,0.059197258204221725,0.4344487190246582,0.16610739843287184
"(10.00849223929746, 105.6717962720094)",Non Rice,0.03926791623234749,0.3013820946216583,0.15655039381830652
"(10.01167184110508, 105.67225050083903)",Non Rice,0.07420248538255692,0.39261311292648315,0.25349513593678447
"(10.011217612275422, 105.67225050083903)",Non Rice,0.11053716391324997,0.2165142446756363,0.7859563583862211
"(10.010763383445761, 105.67225050083903)",Non Rice,0.11072508990764618,0.2307511419057846,0.7385643372366237
"(10.0103091546161, 105.67225050083903)",Non Rice,0.07887215167284012,0.1981831192970276,0.6075694087900569
"(10.009854925786442, 105.67225050083903)",Non Rice,0.058171346783638,0.14421133697032928,0.6164014381805694
"(10.009400696956781, 105.67225050083903)",Non Rice,0.04349205642938614,0.2795804738998413,0.19757175421231993
"(10.008946468127121, 105.67225050083903)",Non Rice,0.07291227579116821,0.32056424021720886,0.319067629878445
"(10.00849223929746, 105.67225050083903)",Non Rice,0.04176338016986847,0.2390524446964264,0.22941461774531566
"(10.008038010467802, 105.67225050083903)",Non Rice,0.05606308579444885,0.18978896737098694,0.43557678943085887
"(10.012580298764401, 105.67270472966868)",Non Rice,0.031606052070856094,0.1450580507516861,0.3026863942828447
"(10.012126069934741, 105.67270472966868)",Non Rice,0.02129974402487278,0.15154193341732025,0.17304093731164857
"(10.01167184110508, 105.67270472966868)",Non Rice,0.11069726943969727,0.20310735702514648,0.838062369595424
"(10.011217612275422, 105.67270472966868)",Non Rice,0.097794309258461,0.37598419189453125,0.37511751447520664
"(10.010763383445761, 105.67270472966868)",Non Rice,0.05305032432079315,0.25387120246887207,0.28744253302542183
"(10.0103091546161, 105.67270472966868)",Non Rice,0.03846682980656624,0.35919812321662903,0.12034099807415496
"(10.009854925786442, 105.67270472966868)",Non Rice,0.06039617955684662,0.2032315731048584,0.4386190617446924
"(10.009400696956781, 105.67270472966868)",Non Rice,0.06347532570362091,0.3646726906299591,0.2283371068388438
"(10.008946468127121, 105.67270472966868)",Non Rice,0.043131984770298004,0.22420652210712433,0.25921902866895646
"(10.00849223929746, 105.67270472966868)",Non Rice,0.05689974129199982,0.35649266839027405,0.20425922585847772
"(10.008038010467802, 105.67270472966868)",Non Rice,0.10294148325920105,0.13910190761089325,1.109445009619621
"(10.007583781638141, 105.67270472966868)",Non Rice,0.06140517070889473,0.2766187787055969,0.30970356062299126
"(10.013034527594062, 105.6731589584983)",Non Rice,0.08011992275714874,0.6222935914993286,0.15409249465934644
"(10.012580298764401, 105.6731589584983)",Non Rice,0.08560217916965485,0.21597856283187866,0.6048975342125557
"(10.012126069934741, 105.6731589584983)",Non Rice,0.10315010696649551,0.23887106776237488,0.6624986900262051
"(10.01167184110508, 105.6731589584983)",Non Rice,0.07093263417482376,0.38484305143356323,0.2455853149544568
"(10.011217612275422, 105.6731589584983)",Non Rice,0.0861920639872551,0.15787287056446075,0.839465458149826
"(10.010763383445761, 105.6731589584983)",Non Rice,0.05979345738887787,0.4257533550262451,0.17285972960043755
"(10.0103091546161, 105.6731589584983)",Non Rice,0.03957008942961693,0.12375473976135254,0.4770152022344243
"(10.009854925786442, 105.6731589584983)",Non Rice,0.08229760080575943,0.1025354415178299,1.1884237850718848
"(10.009400696956781, 105.6731589584983)",Non Rice,0.0534575879573822,0.38090360164642334,0.17270205658975196
"(10.008946468127121, 105.6731589584983)",Non Rice,0.04674215987324715,0.3371652662754059,0.16993521548908344
"(10.00849223929746, 105.6731589584983)",Non Rice,0.05524984747171402,0.09522318094968796,0.8899561814438731
"(10.008038010467802, 105.6731589584983)",Non Rice,0.038157869130373,0.23348458111286163,0.2105909500278303
"(10.007583781638141, 105.6731589584983)",Non Rice,0.07649625092744827,0.23059503734111786,0.4973005886236125
"(10.013942985253381, 105.67361318732796)",Non Rice,0.09908968210220337,0.22817178070545197,0.6664389064389562
"(10.01348875642372, 105.67361318732796)",Non Rice,0.05543578416109085,0.2979736328125,0.24850098112285637
"(10.013034527594062, 105.67361318732796)",Non Rice,0.04233414679765701,0.24299724400043488,0.22859771159729425
"(10.012580298764401, 105.67361318732796)",Non Rice,0.05848163366317749,0.39934906363487244,0.18261307623754797
"(10.012126069934741, 105.67361318732796)",Non Rice,0.11115703731775284,0.31810200214385986,0.5270918020589366
