Latitude and Longitude,Class of Land,vh,vv,RVI,ndvi_mean,ndvi_max,ndvi_min
"(10.323727047081501, 105.2516346045924)",Rice,0.0042571407,0.1367127597,0.0209916901831046,0.2650444591318858,0.4647722344176884,0.1622710073952184
"(10.322364360592521, 105.27843410554115)",Rice,0.0053242026,0.0083671585,0.9700004011123732,0.2085498851493276,0.3741233340647172,0.1240273025512964
"(10.321455902933202, 105.25254306225168)",Rice,0.0120653687,0.1035484597,0.1348516343586749,0.272846149751613,0.4805014178529183,0.1547985495721389
"(10.324181275911162, 105.25118037576274)",Rice,0.0040772739,0.1124449223,0.0261819403855347,0.2836127070699892,0.4653825129374594,0.1641371641460924
"(10.324635504740822, 105.27389181724476)",Rice,0.0017574803,0.0415824354,0.0326635659916561,0.2471243434684703,0.4135934926329566,0.1556460551791427
"(10.323727047081501, 105.28070524968936)",Rice,0.0125638759,0.1294329017,0.1052755975189161,0.1681503506711675,0.3644298247598536,0.0169378735863902
"(10.325089733570481, 105.23937042619212)",Rice,0.0054188306,0.106002748,0.0429007013771058,0.3056439149977847,0.5244037863124827,0.1540095108876249
"(10.324181275911162, 105.25390574874059)",Rice,0.0102697592,0.0774895847,0.1601254379716799,0.263671727471775,0.4776398854847932,0.1548223724853936
"(10.321001674103542, 105.24436694331814)",Rice,0.0059191361,0.0810271576,0.0710511103767537,0.2888388251152448,0.4713383742708589,0.1698022529111182
"(10.321001674103542, 105.2416415703403)",Rice,0.0052678417,0.0704272836,0.0734356928569101,0.3038421405495175,0.4262703163806835,0.1786277783580345
"(10.324635504740822, 105.25572266405916",Rice,0.004064858,0.0757180601,0.0460005669399889,0.2650176004425316,0.4675860088042971,0.1563107526432362
"(10.321001674103542, 105.2334654514068)",Rice,0.0218403824,0.2118849456,0.1142593322350374,0.2863775154954349,0.4469923290034585,0.1714068360847938
"(10.32327281825184, 105.26753261362978)",Rice,0.0021947569,0.0212616492,0.1144846914463567,0.2162328016594231,0.3867111891185905,0.129011889773723
"(10.324181275911162, 105.28115947851899)",Rice,0.0074870088,0.1235583499,0.0546248227574937,0.1825615318072344,0.371346196596513,0.0432730399966164
"(10.321001674103542, 105.2598107235259)",Rice,0.0052191098,0.0843332782,0.0562780297875517,0.2033630572786161,0.4324907195285552,0.0239950503710953
"(10.32327281825184, 105.24073311268103)",Rice,0.0038818691,0.106944859,0.0262213201602395,0.3224491984314847,0.5006239850113938,0.183921313729006
"(10.324635504740822, 105.27843410554115)",Rice,0.0070791882,0.068029575,0.1157442067113746,0.182271433476174,0.3506213778354,0.1034886065953666
"(10.324181275911162, 105.2348281378957)",Rice,0.0153940031,0.0929088145,0.2143520852837692,0.3077564275082838,0.4832533526013495,0.1976846095995388
"(10.321455902933202, 105.23301122257715)",Rice,0.0064672092,0.1358559579,0.0387455612775406,0.2867710641569874,0.4575185083736164,0.1680424363687125
"(10.323727047081501, 105.26026495235556)",Rice,0.0018266938,0.0159828272,0.131395431359245,0.242013467179482,0.4523331430501997,0.0819823764924573
"(10.325089733570481, 105.28025102085971)",Rice,0.0028981918,0.0156535506,0.2469867289370842,0.1783249173936857,0.3563420895518501,0.0758100894342218
"(10.32009321644422, 105.23210276491787)",Rice,0.0058095227,0.0523383245,0.1263194453325115,0.2788667436276422,0.4339058019454354,0.1685265232321006
"(10.322364360592521, 105.27797987671151)",Rice,0.0037340529,0.0305297058,0.1439057629563791,0.2168093554419539,0.3789477889186273,0.1281274211796429
"(10.32327281825184, 105.27752564788187)",Rice,0.0055724038,0.0730485395,0.0754773225124858,0.2115639058613962,0.3667005082604254,0.1236897688979365
"(10.324635504740822, 105.2652614694816)",Rice,0.0023479681,0.022167502,0.1185599319368051,0.2155451972812797,0.424522791501935,0.0874040901627108
"(10.320547445273881, 105.2266520189622)",Rice,0.005571655,0.1775538921,0.0212281874447492,0.3880042153185539,0.4844157246502524,0.2383004731413324
"(10.323727047081501, 105.2652614694816)",Rice,0.006588792,0.0460953042,0.1769087796348465,0.2237356567049989,0.4109313958501714,0.1240787777508956
"(10.325089733570481, 105.23528236672536)",Rice,0.0035224955,0.11602097,0.0202323765566016,0.3169561913501769,0.4992880138953113,0.1967382807891633
"(10.324635504740822, 105.26798684245944)",Rice,0.0041362359,0.0252632052,0.2110859509925218,0.2004545297978031,0.3963024580202987,0.0573060614309905
"(10.32281858942218, 105.26435301182232)",Rice,0.0154922595,0.0753162727,0.2818656491648948,0.2302701008894626,0.4218460984669697,0.1238145534414722
"(10.325089733570481, 105.26344455416304)",Rice,0.0039677215,0.0093984697,0.6469344204232059,0.217412253282024,0.4600182823895217,0.0539944174359318
"(10.323727047081501, 105.24572962980707)",Rice,0.0042469935,0.0803632364,0.044982964489706,0.3091808359579547,0.5031739524221929,0.202266070252719
"(10.324635504740822, 105.2334654514068)",Rice,0.0038443266,0.0498581268,0.0766124261819617,0.3270453122868523,0.502798222480047,0.1947564725333301
"(10.325089733570481, 105.23164853608824)",Rice,0.0027684309,0.0871861577,0.0215961104926142,0.3684375303298752,0.5172666869272549,0.2080101716944916
"(10.32327281825184, 105.26571569831123)",Rice,0.0054531642,0.0459558181,0.138189276736464,0.2195040368303338,0.3968436761947173,0.1354619903446603
"(10.31963898761456, 105.23074007842897)",Rice,0.0041437303,0.0597731024,0.0660274224531339,0.3179837140357219,0.4549482540559313,0.196880241841078
"(10.320547445273881, 105.22983162076967)",Rice,0.0089693256,0.1266565472,0.0680277108421528,0.3385084763150706,0.4685182396651515,0.2077543533517066
"(10.32281858942218, 105.28115947851899)",Rice,0.0025999243,0.0327943824,0.0796344401634417,0.1681232190358489,0.3710937142229101,-0.0155927639151301
"(10.321910131762861, 105.23028584959931)",Rice,0.0028190378,0.0304608196,0.0986141317177819,0.349829262008401,0.4784135309583928,0.2021929501100914
"(10.324181275911162, 105.26071918118518)",Rice,0.0035642011,0.0181130245,0.2666844817471051,0.2382785419159814,0.4632645397837935,0.0621345587225013
"(10.325089733570481, 105.26026495235556)",Rice,0.0057961959,0.1045849547,0.0481318106103114,0.2380785934075154,0.4589008945079986,0.0846334048610044
"(10.325089733570481, 105.2448211721478)",Rice,0.0036928121,0.0292734262,0.1499656230234274,0.3052085581880141,0.5113329908073301,0.1948158564794137
"(10.324181275911162, 105.24300425682924)",Rice,0.00417489,0.0863516927,0.0396153372463036,0.3000321744773901,0.5052359860802544,0.180370257115101
"(10.32281858942218, 105.27570873256332)",Rice,0.003395736,0.0368680507,0.0979690607883448,0.2525013936399975,0.3711683099206002,0.1708059399482645
"(10.323727047081501, 105.28252216500792)",Rice,0.0037324426,0.019756997,0.2533615540018316,0.1929743876721169,0.3914009906014252,0.0164131160918942
"(10.31963898761456, 105.23937042619212)",Rice,0.0048614512,0.0557983592,0.09075223186449,0.3053194417363489,0.4179813834326409,0.1735379640689663
"(10.32281858942218, 105.28161370734864)",Rice,0.0030740218,0.0206319541,0.1867814093740313,0.1764726352397904,0.3788098599513745,-0.0155927639151301
"(10.324635504740822, 105.28161370734864)",Rice,0.0027470056,0.1018300354,0.0170292211103866,0.1875701045053234,0.3720655658636821,0.0450279326831039
"(10.32327281825184, 105.26117341001483)",Rice,0.0038682604,0.0271145124,0.1764627815401656,0.2364486736052438,0.4608126507232405,0.0640737058160838
"(10.32327281825184, 105.2788883343708)",Rice,0.0016417131,0.0159212723,0.1143163570787338,0.1739738570793085,0.3575198163225158,0.0734499257913741
"(10.324181275911162, 105.2516346045924)",Rice,0.0082110446,0.042839244,0.2580241200100922,0.2671725135577058,0.4657593532168805,0.1597260783918351
"(10.323727047081501, 105.23982465502175)",Rice,0.006303126,0.2002955079,0.0213158574034977,0.3259483667172403,0.5022946878298944,0.193177557654718
"(10.31963898761456, 105.23028584959931)",Rice,0.0065836147,0.1983881295,0.0230258465243508,0.3337015643330774,0.4650958317744604,0.2083432455622171
"(10.32327281825184, 105.28706445330431)",Rice,0.0037226274,0.042340409,0.0918978819407354,0.2396528863425198,0.4803102017194943,0.0305481288622766
"(10.324181275911162, 105.27752564788187)",Rice,0.0034806745,0.0917704999,0.0279414924872451,0.1993827843130814,0.35624023759178,0.1144785181892658
"(10.323727047081501, 105.26480724065195)",Rice,0.0036153928,0.1801565439,0.0110375945336404,0.2266723704835604,0.4197845005449114,0.1180540548568797
"(10.321910131762861, 105.2266520189622)",Rice,0.0032904893,0.0197030362,0.2165421120230891,0.3900385747930445,0.4880675669601729,0.238653341041225
"(10.324181275911162, 105.25072614693312)",Rice,0.0083133718,0.0518841855,0.2052851309622902,0.2919710499073596,0.4652447363131361,0.1698727034545603
"(10.32327281825184, 105.27071221543727)",Rice,0.0047880551,0.029461991,0.2090773370835965,0.2355181194157013,0.4134399396728824,0.1344145359365272
"(10.325089733570481, 105.25890226586662)",Rice,0.0135177728,0.260050416,0.0439358783201927,0.2483738104350099,0.4492129060255286,0.1147863946246931
"(10.321455902933202, 105.25208883342202)",Rice,0.0175640788,0.1133578047,0.1965530057984237,0.2753298278016432,0.4793378529360712,0.1619046050193145
"(10.324635504740822, 105.26162763884446)",Rice,0.0073358086,0.1333445907,0.047630110620979,0.2346833621181412,0.479139196279049,0.0542336994735691
"(10.325089733570481, 105.28751868213396)",Rice,0.0017813812,0.0313904397,0.0497784443840118,0.2229000269033509,0.4903336092863469,0.0784347894911142
"(10.32009321644422, 105.24845500278491)",Rice,0.0054822024,0.1711696982,0.0218683047721166,0.2868893770799308,0.4974891980880004,0.1583813776016602
"(10.324181275911162, 105.23982465502175)",Rice,0.0055574998,0.0654687211,0.0875489845748744,0.3185328988329662,0.5099888206589984,0.1920667547699607
"(10.31963898761456, 105.23891619736247)",Rice,0.0072580553,0.0762428641,0.1025069978700644,0.3091177772575222,0.4292125941431071,0.1788595732471052
"(10.325089733570481, 105.26389878299267)",Rice,0.0033892163,0.0135816112,0.3569886367070053,0.2149432645471057,0.4553347018921814,0.0526688200050104
"(10.321455902933202, 105.26117341001483)",Rice,0.0122686438,0.0953464583,0.1539731499824802,0.2088861068800132,0.4470924645886033,-0.0094374910084879
"(10.319184758784901, 105.22710624779182)",Rice,0.0053394362,0.0693154037,0.0765096369227833,0.4268477968476543,0.5450953345175962,0.2953029563155741
"(10.321001674103542, 105.25254306225168)",Rice,0.0079891197,0.1153987348,0.0659021775119544,0.2745993202744293,0.4871020235410874,0.1520730590466035
"(10.321455902933202, 105.23164853608824)",Rice,0.0055009415,0.1086856574,0.0422953696347683,0.3122484430466697,0.4575330872846094,0.1898396555235602
"(10.324181275911162, 105.24936346044419)",Rice,0.0067938603,0.0937652588,0.0702429462944266,0.3149509835507385,0.4721634037916217,0.1951242603744307
"(10.324181275911162, 105.27979679203008)",Rice,0.0013831612,0.0101064621,0.1670746279931084,0.1694395115985844,0.3499454250521532,0.0605972105644409
"(10.324181275911162, 105.2598107235259)",Rice,0.0077839983,0.1220888123,0.0586930571224633,0.2457627445222045,0.4524601813258326,0.0903683771925421
"(10.324181275911162, 105.28706445330431)",Rice,0.0043356642,0.0176804177,0.3495693933023392,0.2200812235777772,0.4822828399222038,0.0372481727081584
"(10.32281858942218, 105.27934256320043)",Rice,0.0037455417,0.0199363511,0.2515980841867183,0.1760394799717502,0.3529066074075483,0.0807339292490378
"(10.320547445273881, 105.22710624779182)",Rice,0.0058892285,0.0692840442,0.0877106667169162,0.3870104521496322,0.4770238403347407,0.2378313287878033
"(10.32327281825184, 105.26162763884446)",Rice,0.0027460346,0.0410727412,0.0627521541230652,0.2363024895252731,0.4618771589380671,0.0733862973976595
"(10.324635504740822, 105.25208883342202)",Rice,0.0069961348,0.097572647,0.0692220045492593,0.2673009043502647,0.4717952664543399,0.1513242625938835
"(10.321001674103542, 105.25027191810346)",Rice,0.0510638468,0.1455569565,0.5294026183043542,0.2950024034365837,0.4874133296828022,0.1905425914731258
"(10.318730529955241, 105.22756047662148)",Rice,0.009549316,0.118200928,0.0817477449628659,0.4265736541405128,0.5425703628055113,0.3019303028754824
"(10.31963898761456, 105.23255699374752)",Rice,0.0081431903,0.1546784341,0.0447387393729635,0.2790813841849988,0.4375427529374391,0.1548093874962889
"(10.323727047081501, 105.23800773970319)",Rice,0.0064960336,0.1339870393,0.0397737360845087,0.321797917419939,0.4875430920811268,0.189703789479267
"(10.323727047081501, 105.27797987671151)",Rice,0.0045069829,0.0528906994,0.0880131009487044,0.1945905697027787,0.3631815002726846,0.1107742686400304
"(10.323727047081501, 105.26844107128906)",Rice,0.0033640778,0.1330548972,0.0154898376087481,0.2200183078461804,0.3892917596075228,0.1312778179275618
"(10.31963898761456, 105.2416415703403)",Rice,0.0051197363,0.1459011883,0.0249675364677671,0.2910321370635419,0.3902076179382089,0.1557591388510917
"(10.32327281825184, 105.25663112171844)",Rice,0.008215961,0.1625961065,0.0421958481557862,0.268088644864328,0.4525959357291266,0.1509627057011121
"(10.32327281825184, 105.27979679203008)",Rice,0.0054060747,0.0087844562,0.9405569337184896,0.1618813115321213,0.351761484247166,0.0339715833101603
"(10.323727047081501, 105.28888136862287)",Rice,0.0055533601,0.0927550942,0.0537041000309864,0.255202399616824,0.4686894754285287,0.0889210306172343
"(10.324635504740822, 105.26344455416304)",Rice,0.001839021,0.0108405398,0.2209447611072277,0.2292221961909614,0.4583096906631042,0.0833039752978035
"(10.324181275911162, 105.26208186767411)",Rice,0.0046377247,0.0132512022,0.5280086101897619,0.2345510948711839,0.4698762367355426,0.0631967974221954
"(10.319184758784901, 105.23573659555498)",Rice,0.0057169399,0.0793211237,0.0697244966708667,0.3151390645571104,0.4332628579810965,0.1673463119576013
"(10.320547445273881, 105.25435997757023)",Rice,0.0045353328,0.0172581822,0.379736908117294,0.2714716615008079,0.4840560584109132,0.1545911792825373
"(10.31963898761456, 105.24255002799958)",Rice,0.0046225553,0.0840099454,0.0476424031963815,0.2897293493889963,0.3999787270720015,0.1520734971312815
"(10.320547445273881, 105.23619082438464)",Rice,0.0032809232,0.0219999067,0.1870109766545011,0.3173687823572469,0.4262264777407863,0.2048322947590728
"(10.324181275911162, 105.23709928204391)",Rice,0.0033307094,0.0326637402,0.1125931060187012,0.3179388564411544,0.4902657947449583,0.1844254434465105
"(10.324635504740822, 105.26026495235556)",Rice,0.0061917114,0.0689242333,0.0946624736787836,0.2407387637975412,0.4589622558348636,0.0801594179039403
"(10.32009321644422, 105.23846196853285)",Rice,0.0044982452,0.0765163824,0.0523334684655058,0.308673993354271,0.4268307262599385,0.1866114623083655
"(10.325089733570481, 105.25617689288879)",Rice,0.0050331224,0.1097052917,0.0367496295191045,0.2636325409514307,0.4649982340178615,0.1588540455910081
"(10.321455902933202, 105.23074007842897)",Rice,0.006527835,0.0474874564,0.1680500550386222,0.3326062802489478,0.466284199878865,0.1993913204286907
"(10.325089733570481, 105.26071918118518)",Rice,0.0025704016,0.0356028676,0.069891189698115,0.2337559447804111,0.4669080605783488,0.0666582791369877
"(10.323727047081501, 105.24073311268103)",Rice,0.0100588864,0.0762650818,0.1591064377598011,0.3209737612061176,0.506378096278975,0.1840883381819883
"(10.323727047081501, 105.24345848565886)",Rice,0.0015542879,0.0087250164,0.2351860761135899,0.3002953649818166,0.502259272657169,0.1743737340600963
"(10.325089733570481, 105.27979679203008)",Rice,0.0042634648,0.0224280972,0.2553542141581264,0.1802678744498848,0.351902036064996,0.0888947374532168
"(10.323727047081501, 105.27752564788187)",Rice,0.0144202719,0.1000107676,0.1789387505500949,0.2052471645905442,0.3621141235907454,0.1188324253351807
"(10.318276301125582, 105.22619779013255)",Rice,0.0158094186,0.1184013262,0.1617159699065539,0.4542780522648246,0.5925392196927565,0.3212966150217538
"(10.321455902933202, 105.22710624779182)",Rice,0.0071879243,0.2136574984,0.023487274838294,0.388700814643723,0.4778790630799416,0.2403371886039395
"(10.325089733570481, 105.2666241559705)",Rice,0.0034123145,0.0249599833,0.1668367819442179,0.2002047236304387,0.3987719124128374,0.0614278414482808
"(10.321001674103542, 105.26026495235556)",Rice,0.0057993098,0.1035142094,0.0488780241270782,0.2141744023670378,0.4354894480855675,0.0198658544223652
"(10.32009321644422, 105.24118734151068)",Rice,0.003058455,0.0448411517,0.0645379568852859,0.2932710755576299,0.3885068981468884,0.1650165714445902
"(10.324635504740822, 105.2857017668154)",Rice,0.0029651099,0.0487261713,0.0549534849217965,0.213046329125521,0.4664740425496241,0.0335641825507995
"(10.32009321644422, 105.24209579916996)",Rice,0.0067028464,0.0892775953,0.0738201249678599,0.2924807643916765,0.394907043281013,0.1599294244623078
"(10.32281858942218, 105.25572266405916)",Rice,0.007821532,0.0782994851,0.1094798025902246,0.256450287699243,0.4603529646090935,0.1384950461223095
"(10.324635504740822, 105.25663112171844)",Rice,0.0075181373,0.2027281821,0.0270478511580493,0.2606393323957656,0.4558703390677002,0.1478758185016919
"(10.325089733570481, 105.25345151991095)",Rice,0.0066391109,0.0573476888,0.1336870351749788,0.2789374192290578,0.4836156424129855,0.1524450807816192
"(10.32327281825184, 105.27707141905222)",Rice,0.0069665676,0.1092276722,0.0587234248448563,0.2207887630620435,0.3649150543300961,0.1347367266311767
"(10.323727047081501, 105.22892316311038)",Rice,0.0028245542,0.0212320033,0.1609291216081659,0.3801508602404995,0.4979454026749024,0.2168003642561048
"(10.32327281825184, 105.2334654514068)",Rice,0.0101783127,0.0356248096,0.4190164270016511,0.3038530377449482,0.4829083344886363,0.1870176324658908
"(10.319184758784901, 105.23846196853285)",Rice,0.0026625388,0.0766593888,0.024598805584196,0.2985563698093676,0.4257651969178082,0.1604927078268164
"(10.325089733570481, 105.26753261362978)",Rice,0.003383535,0.0809381753,0.0321519184092609,0.2017394997424835,0.3997047930197564,0.0583418266653313
"(10.318730529955241, 105.2334654514068)",Rice,0.0071700057,0.0405503698,0.2329611299644698,0.3014955133139637,0.4288436913263102,0.1558142043914123
"(10.324635504740822, 105.28115947851899)",Rice,0.0092655122,0.0684987828,0.1645105601164723,0.1806969101419765,0.3657899321711591,0.0450279326831038
"(10.324181275911162, 105.27525450373366)",Rice,0.0064255986,0.0891891941,0.0696855525346565,0.2447759155073595,0.3743958022065615,0.1654326590450511
"(10.319184758784901, 105.22846893428076)",Rice,0.002836101,0.0300995968,0.1010746455666244,0.3879242226811459,0.4764245834335092,0.2643711290331315
"(10.324181275911162, 105.24073311268103)",Rice,0.0075526685,0.0612742305,0.1454029848364307,0.3139169728812814,0.5113395130999231,0.1860823563517458
"(10.323727047081501, 105.2788883343708)",Rice,0.0055589196,0.0473223366,0.1363304711236184,0.1740434944373247,0.356788678383256,0.0747876613541079
"(10.324181275911162, 105.26571569831123)",Rice,0.006624721,0.0892984122,0.0725982824915251,0.2185565798935176,0.4073927904233361,0.1169317240070187
"(10.32009321644422, 105.24800077395528)",Rice,0.0155564519,0.1501860768,0.115020400724605,0.2850674504891652,0.4955408143059512,0.1540336388138993
"(10.32327281825184, 105.23164853608824)",Rice,0.0081921993,0.0876435712,0.0999699090492622,0.3472071040511985,0.485488611774712,0.2093535821282827
"(10.318730529955241, 105.22983162076967)",Rice,0.0049716914,0.0847561359,0.0521705612680531,0.3522693504120464,0.4646370482960635,0.2311088829361017
"(10.323727047081501, 105.24436694331814)",Rice,0.0020802063,0.0197963491,0.1172873546976356,0.298541124488636,0.503669184373447,0.1834835466534012
"(10.324181275911162, 105.28206793617827)",Rice,0.0036865098,0.0362054147,0.1123713498503315,0.1938069471369018,0.3833369767450561,0.0432730399966164
"(10.325089733570481, 105.28524753798575)",Rice,0.0052874601,0.0159811098,0.4958190543343699,0.2024494615045482,0.4527261400673522,0.0183971372875616
"(10.320547445273881, 105.22756047662148)",Rice,0.0071823811,0.0743409544,0.1046019422580564,0.3807765013421467,0.4674200897791614,0.2363212533713256
"(10.32009321644422, 105.24527540097742)",Rice,0.0051828031,0.0585497469,0.0927609340472197,0.2741427533756052,0.4783289708336842,0.1453857271245854
"(10.324635504740822, 105.26980375777799)",Rice,0.0027215469,0.0642901435,0.032738431279558,0.2114758269177037,0.4132399113746582,0.0574876279574266
"(10.323727047081501, 105.24527540097742)",Rice,0.0076802745,0.1104076281,0.0663463432701311,0.3057969148358654,0.5040156172063431,0.1962557429518269
"(10.320547445273881, 105.23800773970319)",Rice,0.0060106907,0.0517494008,0.1342779657413669,0.317410794532997,0.4257988774101121,0.2103714524998619
"(10.324635504740822, 105.26616992714088)",Rice,0.0030002133,0.0288181491,0.1158167711998728,0.2096527993571409,0.4044797484665264,0.0973269346130773
"(10.323727047081501, 105.27707141905222)",Rice,0.0203127675,0.2108144909,0.1042165965408312,0.2150152675482257,0.3608703532559792,0.130004476546766
"(10.321001674103542, 105.23028584959931)",Rice,0.0079557775,0.1290659308,0.0559628556950758,0.3348058771537246,0.4670350100703457,0.2042006519435327
"(10.319184758784901, 105.23437390906608)",Rice,0.0036980452,0.0611764602,0.0544386346369613,0.3090373036799804,0.4262181251658953,0.1613034887566784
"(10.320547445273881, 105.25208883342202)",Rice,0.0097417301,0.1108032688,0.0918946726151126,0.2789127922642695,0.4912264694862839,0.159653745325828
"(10.321910131762861, 105.24618385863673)",Rice,0.0013211368,0.1166770533,0.0047388030272343,0.3077065856525658,0.4976113038149822,0.192966204798476
"(10.325089733570481, 105.26208186767411)",Rice,0.0083608767,0.1408760548,0.0530424106327956,0.2252343331909031,0.4770122823516505,0.0447684388938225
"(10.321455902933202, 105.2266520189622)",Rice,0.0050289659,0.3217175901,0.0076376807200958,0.3870604384705393,0.4819128918118052,0.2381049355763735
"(10.32327281825184, 105.28797291096359)",Rice,0.0045395717,0.019430127,0.3296768475928329,0.2495938907366708,0.4770759247324366,0.0389378991220004
"(10.318730529955241, 105.2348281378957)",Rice,0.0075276238,0.0465081036,0.2079818075221194,0.3158074173797755,0.4316532886397842,0.1626721346375788
"(10.324181275911162, 105.24890923161456)",Rice,0.0061308774,0.1223745719,0.0416832546999072,0.3062138031500124,0.4772997645430829,0.2003245411167508
"(10.323727047081501, 105.2416415703403)",Rice,0.0104652541,0.0722558051,0.1799950358558006,0.3136460611196725,0.5051029095567849,0.1782161034108595
"(9.983509653666161, 105.50282314738331)",Rice,0.0221031979,0.0499578938,0.6795030394169582,0.39948843048431,0.5525939497044647,0.0945483723477623
"(9.966248958139081, 105.52735150418388)",Rice,0.0236791298,0.1309904754,0.2396079001332614,0.4358644682566291,0.6710046840993112,0.1788753409998643
"(9.962160898672142, 105.52008384290963)",Rice,0.0143336691,0.1277423501,0.1281784107412386,0.3298724829585037,0.5144985694004096,0.1110276393428077
"(9.98169273834752, 105.53143956365062)",Rice,0.0257014837,0.086484395,0.4386215780841669,0.3858294933981654,0.5096048666105372,0.2263654427317638
"(9.974425077072961, 105.48510822302734)",Rice,0.009521557,0.2623566985,0.0262156262528212,0.2597043229881631,0.5017833595126733,0.0773515906084639
"(9.99259423025936, 105.51645001227251)",Rice,0.0223847423,0.1996528655,0.1280407856732861,0.3396535231664307,0.5365250898124283,0.0198242678452176
"(9.982601196006842, 105.54779180151766)",Rice,0.035965912,0.1150479391,0.4649127246088933,0.4565334975242091,0.5014205728292566,0.4167636127783555
"(9.94490020314506, 105.52144652939856)",Rice,0.0336013213,0.0710960701,0.7272617268346168,0.2892003606809516,0.5287685760896528,-0.0672798563523764
"(9.991685772600041, 105.49600971493871)",Rice,0.0368613265,0.1253655255,0.4332437634764001,0.4532827951995514,0.7570484568396887,0.2082582321375816
"(9.975787763561941, 105.49373857079053)",Rice,0.0390108302,0.0956595466,0.6236338320456339,0.3873389751767153,0.6113062678183185,0.0917812341398344
"(9.992140001429702, 105.51645001227251)",Rice,0.0203042608,0.1885350794,0.1212613216394479,0.3377269783584428,0.531144988348414,0.0219300398372851
"(9.979421594199222, 105.50963657982791)",Rice,0.0190188475,0.1083550081,0.2307893919166971,0.328448205267571,0.4345991333754653,0.0858385265564799
"(9.976241992391602, 105.48601668068665)",Rice,0.019736588,0.1638132185,0.1410383465263513,0.2538208178588453,0.5751987371462249,0.060414082043564
"(9.983509653666161, 105.52871419067279)",Rice,0.0583669692,0.6735958457,0.0900693807867694,0.4248410331454934,0.5170449199586016,0.2404372734431827
"(9.990777314940722, 105.49964354557582)",Rice,0.0414073467,0.2011606097,0.2821148526633643,0.4233262157868642,0.7532542972475399,0.1709945916919182
"(9.95443900856792, 105.52825996184316)",Rice,0.0198886823,0.237936601,0.085699986110999,0.2656557485746324,0.5606913205937027,0.06920111708004
"(9.994411145578, 105.50872812216863)",Rice,0.0182762686,0.2279649228,0.0808816931121459,0.3030636056163671,0.4915354757894254,0.0268530173938329
"(9.98805194196276, 105.51054503748719)",Rice,0.0136889284,0.1515194774,0.0954038626613773,0.4992629295483193,0.787134462859164,0.2055933484504913
"(9.947171347293361, 105.51735846993179)",Rice,0.0161149614,0.1590754688,0.1115933530597023,0.2891615156899857,0.4423682966143972,0.0753587986974389
"(9.97669622122126, 105.53734453843595)",Rice,0.0444518887,0.1709353477,0.3750294498815516,0.2469039258412743,0.3738178172153226,0.0712808732221753
"(9.952622093249282, 105.51554155461324)",Rice,0.0391449369,0.09160427,0.6552617125507815,0.3852608395329233,0.6607073665782642,0.0786480110252037
"(9.964886271650101, 105.50009777440548)",Rice,0.0134340758,0.5380414724,0.0152083567464818,0.4095101583730196,0.6071402351323664,0.119178346273121
"(9.98941462845174, 105.52962264833207)",Rice,0.0421522893,0.076185368,0.8503687451683377,0.5447155235530323,0.6366878855235385,0.4065931956334237
"(9.95943552569418, 105.50691120685008)",Rice,0.0214528721,0.3028964102,0.0680406955736771,0.3013682948995949,0.4943004844228876,0.0531299233787712
"(9.971245475265341, 105.49600971493871)",Rice,0.0210889727,0.1047478467,0.2744299643475461,0.3135703205980007,0.5557575330598379,0.0857378242249705
"(9.97533353473228, 105.53371070779883)",Rice,0.0274811201,0.2615849078,0.1172508647221238,0.331981364127687,0.3962410200528654,0.2412230950787332
"(9.980330051858541, 105.51009080865757)",Rice,0.0172896627,0.1419075876,0.143164858785073,0.3235516934546958,0.4383820795062383,0.0803004051137473
"(9.966248958139081, 105.53280225013955)",Rice,0.0418488309,0.5006610155,0.0856985648066664,0.2402606512276184,0.3722090724915362,0.09108592953963
"(9.977150450050921, 105.50827389333898)",Rice,0.0495549105,0.1562448442,0.4726316013731284,0.3718281804746779,0.4905227904258578,0.0922638385699658
"(9.97987582302888, 105.49600971493871)",Rice,0.01531481,0.0900418758,0.2216839546252893,0.4659876374168545,0.6888512186069887,0.1385281385281385
"(9.966248958139081, 105.49782663025726)",Rice,0.0227400567,0.1702938527,0.1617323499195379,0.3793315696627506,0.6220388341557326,0.0852634881929778
"(9.977604678880581, 105.51508732578358)",Rice,0.0368285626,0.1147975773,0.4788241279736207,0.2671433266947092,0.397388621971372,0.1081696398436397
"(9.985326568984801, 105.50645697802042)",Rice,0.0187798627,0.2596686482,0.070061795184703,0.3852040057906902,0.6686906838761667,0.1025493075954678
"(9.98805194196276, 105.4991893167462)",Rice,0.0122454967,0.1714536846,0.0688436310712993,0.3964353837052029,0.6535396134228271,0.1273357778671848
"(9.985780797814462, 105.54506642853983)",Rice,0.0323743224,0.1168801337,0.4040825191975389,0.4180513281094867,0.5166158132470001,0.3607736428279919
"(9.986689255473781, 105.51099926631684)",Rice,0.0435375981,0.1814189404,0.3405718584973127,0.5353487352775707,0.7893232565458054,0.2786329829214105
"(9.99123154377038, 105.51327041046503)",Rice,0.0115998518,0.0939648449,0.1457003503239747,0.3982749530914623,0.6150541293065027,0.0480082030823193
"(9.974425077072961, 105.50827389333898)",Rice,0.0191843715,0.2145341635,0.0940679375082156,0.4229970637380793,0.5529604185214293,0.1448820244626645
"(9.969882788776362, 105.49646394376836)",Rice,0.0517366566,0.3681204319,0.173023580968485,0.3604597277878791,0.5919777408883897,0.0911210545214303
"(9.956710152716221, 105.51645001227251)",Rice,0.0224199444,0.0547451042,0.6264419562589872,0.3501850851716628,0.5914889915020409,0.0329298389940063
"(9.983509653666161, 105.53416493662849)",Rice,0.0207269862,0.1835053712,0.1293234861279202,0.4029805302852808,0.4998291618120296,0.3029180932779443
"(9.976241992391602, 105.48556245185699)",Rice,0.0119830891,0.1296547651,0.0984337807285466,0.2671404250312786,0.5738379999367492,0.064002912691459
"(9.9512594067603, 105.51463309695396)",Rice,0.0284941532,0.1248900741,0.3202746531459599,0.3874744377356133,0.6148732285508989,0.0888897472390012
"(9.972608161754321, 105.53461916545811)",Rice,0.0270760991,0.1120712683,0.3433417707322981,0.2718614444139625,0.4197403250510843,0.0192444761225944
"(9.9785131365399, 105.52825996184316)",Rice,0.0378823914,0.1732940972,0.3039119137209925,0.3945405262775591,0.5701011539240719,0.255134276676343
"(9.996682289726301, 105.5005520032351)",Rice,0.0354279988,0.0889335275,0.6082062209697318,0.3867758081849459,0.595354530372394,0.1365453373017336
"(9.99259423025936, 105.52008384290963)",Rice,0.0288569145,0.1277232915,0.3164678089313695,0.3182579938353291,0.557371231220411,0.0359575509173274
"(9.996228060896641, 105.51463309695396)",Rice,0.0359254107,0.470187217,0.0756470234264543,0.3956916991354839,0.5540439036851685,0.1398273315071747
"(9.989868857281401, 105.52053807173928)",Rice,0.0670701116,0.1392357498,0.741457366493427,0.3279836406183714,0.5608420934344238,0.0394233760846268
"(9.977150450050921, 105.5128161816354)",Rice,0.020283075,0.131513074,0.1953752538766879,0.3335778429352939,0.4838419092095353,0.0954758960184191
"(9.953530550908601, 105.52871419067279)",Rice,0.0577620193,0.3039334416,0.2552753935315283,0.3265202491325939,0.5560935449005049,0.0706671906463533
"(9.973062390583982, 105.5209923005689)",Rice,0.0227246825,0.105886668,0.2970898261464332,0.29858693115688,0.3633261990499902,0.1459777632439503
"(9.990323086111061, 105.51054503748719)",Rice,0.026171485,0.1399364173,0.2501595570494957,0.402806964039634,0.695546090538973,0.0695889520029989
"(9.954893237397581, 105.52508036003567)",Rice,0.0227548908,0.0651344135,0.5269483933510707,0.2608731819136473,0.5943561428056741,0.0671023955441676
"(9.969428559946701, 105.50191468972403)",Rice,0.0243309978,0.2455165386,0.1082984358791313,0.4360114941357965,0.6538740031910631,0.0732718328555333
"(9.972608161754321, 105.48965051132376)",Rice,0.0372166224,0.2129176259,0.2295650060101639,0.3111649915064348,0.6101757844823245,0.0485608557524125
"(9.958072839205201, 105.52144652939856)",Rice,0.0265649278,0.1626104414,0.2104873816861664,0.2322460481624826,0.5170062328930499,0.0250151248125838
"(9.973970848243301, 105.48737936717555)",Rice,0.0500721447,0.1472474039,0.5113274545502542,0.2514446508092546,0.5312655826339987,0.0520394121494218
"(9.974879305902622, 105.48692513834592)",Rice,0.0370972045,0.063707903,0.8929928094018247,0.2193800427507555,0.5343155552735905,0.0597122880334324
"(9.97987582302888, 105.5141788681243)",Rice,0.0199739002,0.1066116467,0.2507137318113681,0.2780439347769505,0.3863606092641932,0.0678006642326133
"(9.99123154377038, 105.50191468972403)",Rice,0.0284799505,0.1936770827,0.1836025615648789,0.4101093652218534,0.7360484961010293,0.1849974565178872
"(9.95943552569418, 105.5323480213099)",Rice,0.0119916759,0.3890888691,0.020679137462615,0.3041601629220631,0.522835048906642,0.086550296520085
"(9.9626151275018, 105.52326344471712)",Rice,0.0230102036,0.0827203989,0.4061062028610104,0.2708426942615276,0.4801652775060239,0.097849529490182
"(9.952167864419621, 105.52689727535423)",Rice,0.0250755753,0.263523221,0.1024458987310008,0.3596404681416225,0.6073512550602808,-0.0043500995738905
"(9.985780797814462, 105.54688334385838)",Rice,0.0227999762,0.0755978376,0.4461525789367449,0.4861510312684337,0.5389787902592301,0.4260729754560965
"(9.977150450050921, 105.51009080865757)",Rice,0.0132347802,0.1308617592,0.1113409094581457,0.3661337004032053,0.4841093588223819,0.0892928790610148
"(9.985780797814462, 105.50918235099826)",Rice,0.0180034805,0.1232583821,0.1819940995163894,0.3927740298795916,0.7272307786911241,0.0915396286395492
"(9.984418111325482, 105.5073654356797)",Rice,0.0215874203,0.1421744674,0.1914440434453095,0.3749796010517778,0.6268257155702084,0.10102140077821
"(9.94807980495268, 105.51735846993179)",Rice,0.0301071946,0.200412184,0.1888009892549362,0.2792810906356353,0.4634205310080621,0.0400960980863225
"(9.974879305902622, 105.49010474015338)",Rice,0.0321021229,0.0755531639,0.6513397415777263,0.3392409855358029,0.6018579589521696,0.0704539121026834
"(9.969428559946701, 105.49555548610908)",Rice,0.0201552138,0.216816783,0.099219163965368,0.3825471395424065,0.6303623839277729,0.1000026980475708
"(9.999861891533921, 105.50645697802042)",Rice,0.0328991413,0.175578922,0.2507530875990942,0.3688198909085241,0.5325353894181603,0.1295259217746717
"(9.957164381545882, 105.53053110599134)",Rice,0.0149522759,0.2565399408,0.0516993245618244,0.2456629252371032,0.5345107618329007,0.0401220830419024
"(9.958981296864522, 105.51690424110214)",Rice,0.0781245977,0.0762279406,1.4403598888385316,0.3634845017680677,0.5676113037359082,0.0595732148116415
"(9.950805177930642, 105.51463309695396)",Rice,0.0238625836,0.0600614324,0.6064664756257415,0.3846798790850826,0.6080194466952193,0.0909922138642233
"(9.959889754523841, 105.53007687716172)",Rice,0.0240437612,0.2660937905,0.0954240153500024,0.3007678682134586,0.5405239553384111,0.0779234750594676
"(9.995319603237322, 105.50146046089439)",Rice,0.0140027367,0.0619188957,0.31683348129131,0.3662797766042258,0.6496119026553854,0.0829716954939279
"(9.9785131365399, 105.50918235099826)",Rice,0.0354273058,0.1766241342,0.2731526017016445,0.3394793490247119,0.4599573380538129,0.0797806251913962
"(9.959889754523841, 105.52508036003567)",Rice,0.0298313331,0.1054208279,0.4143359955533344,0.2469746147915593,0.5517413073799518,0.0545020772489819
"(9.972608161754321, 105.48874205366448)",Rice,0.0114434231,0.1616772264,0.0679783494378036,0.280301530189922,0.5745539673957301,0.0495575109517617
"(9.966703186968742, 105.50009777440548)",Rice,0.0257841144,0.1704642326,0.1904931263191134,0.3607482752646466,0.6148450904739101,0.0920761101139776
"(9.966703186968742, 105.53189379248028)",Rice,0.026603505,0.0667134225,0.6088742849465585,0.2768935937429811,0.4078469241919383,0.1391622216840053
"(9.987597713133102, 105.50509429153152)",Rice,0.0129193738,0.1057155579,0.1437484963210719,0.4817746754868893,0.7457780483417962,0.1567155596107988
"(9.9467171184637, 105.5241719023764)",Rice,0.0407342389,0.1904762238,0.2957931935545224,0.4128477955597286,0.5306858418034431,0.2886838734184376
"(9.982146967177181, 105.52780573301351)",Rice,0.0231728852,0.2841665447,0.0828138040653184,0.4109699351428644,0.5324761469244658,0.2350680961152811
"(9.984418111325482, 105.49146742664232)",Rice,0.0831757858,0.1164475828,1.0758167214079657,0.3643056602994613,0.587493997876123,0.0883938992499642
"(9.977604678880581, 105.52462613120602)",Rice,0.0131801134,0.0687267557,0.2582011806114282,0.3767859639699244,0.4982449995398439,0.3005816122731163
"(9.961252441012821, 105.51872115642072)",Rice,0.0167617463,0.3105702698,0.0463506851034682,0.3726829002155625,0.5564297329886052,0.1141595898410435
"(9.984418111325482, 105.50918235099826)",Rice,0.0270603504,0.164194718,0.2128828547897622,0.3726577053327958,0.6463600892571565,0.0915396286395492
"(9.955347466227241, 105.52598881769495)",Rice,0.0513166487,0.3077737391,0.2160935235525785,0.2625308785587797,0.5999207885971735,0.0550836550836551
"(9.97987582302888, 105.54052414024343)",Rice,0.019943336,0.8624818325,0.0135906388148801,0.2566372603193514,0.4219970529754296,0.1719119911162059
"(9.958527068034861, 105.52462613120602)",Rice,0.0346424356,0.0713463947,0.7474505569703764,0.2265822863051578,0.5392731942066737,0.0354616723347862
"(9.985326568984801, 105.53416493662849)",Rice,0.0165257845,0.2745323181,0.054116983175704,0.443085206501157,0.4995855425113556,0.3536155218350646
"(9.987597713133102, 105.52553458886531)",Rice,0.0173262879,0.07045421,0.3507690134501871,0.4623295637643728,0.5538335466346279,0.3783219537442316
"(9.978967365369561, 105.52553458886531)",Rice,0.0409302115,0.1421279907,0.4229043820158411,0.4144328627339095,0.573058135336419,0.3055515034790619
"(9.977604678880581, 105.4878335960052)",Rice,0.018839512,0.2059961408,0.0970212119850388,0.3170040409595495,0.5819360025057518,0.0716452973231699
"(9.974879305902622, 105.52371767354674)",Rice,0.022191342,0.0378416963,0.8989796390748303,0.3671403824752544,0.457031312651435,0.3095451744035664
"(9.994865374407661, 105.51099926631684)",Rice,0.0324069299,0.2154375613,0.1891245555151053,0.311393876142914,0.5246512736838795,0.0345049067821376
"(9.977604678880581, 105.53825299609522)",Rice,0.0095754042,0.12340644,0.0772871223692688,0.2473436832621286,0.4132497191925918,0.0631105895385088
"(9.97351661941364, 105.54279528439164)",Rice,0.0273361765,0.1501898468,0.2416983074162088,0.3723158201993818,0.5008586790449328,0.1864691478597904
"(9.99577383206698, 105.50554852036115)",Rice,0.0214225799,0.1373602897,0.1982267125627262,0.3636770446272709,0.5576115501285108,0.0966201322556943
"(9.974879305902622, 105.48647090951627)",Rice,0.0442475602,0.1577685177,0.4100294794539632,0.2232745595751869,0.5439201647538054,0.0586434692108873
"(9.9671574157984, 105.52326344471712)",Rice,0.0238641817,0.1571269184,0.1915111138751082,0.3289244138078812,0.5304074834742447,0.1045996823143735
"(9.980784280688201, 105.5264430465246)",Rice,0.0326713286,0.1543028057,0.2921715255707554,0.4111341387385034,0.5727457688280919,0.2618985654687266
"(9.964432042820441, 105.4991893167462)",Rice,0.0206067078,0.1498259306,0.1681681551608301,0.4181894440841173,0.6018986834561793,0.133457458812909
"(9.981238509517862, 105.5060027491908",Rice,0.0205104481,0.0594419576,0.5197271572949052,0.3130129382325285,0.4866263449519289,0.0719283089992761
"(9.98805194196276, 105.50554852036115)",Rice,0.0210659076,0.125383988,0.2182210565270691,0.4697598747751955,0.7520622858837059,0.1442851698565297
"(9.986689255473781, 105.49146742664232)",Rice,0.0169505998,0.418803215,0.0306885098075056,0.3214808061404609,0.5199835387317475,0.0616268106625525
"(9.969428559946701, 105.49737240142764)",Rice,0.0272787977,0.1125985533,0.3444900879305334,0.3559183234760157,0.5959717030427268,0.0775866758787272
"(9.987597713133102, 105.50009777440548)",Rice,0.0290963743,0.0949615911,0.4543403646599998,0.4143825159154204,0.6305563710781582,0.1437132621845419
"(9.977150450050921, 105.54279528439164)",Rice,0.0289202407,0.2279150933,0.151140442405598,0.3492262901096736,0.4734218515639836,0.1849896837649429
"(9.973062390583982, 105.49101319781266)",Rice,0.0166454818,0.1113110185,0.1876769844611237,0.3559135933877019,0.6461045500864796,0.0673575511437553
"(9.952167864419621, 105.52190075822818)",Rice,0.0264220163,0.1264851391,0.2873208959582125,0.3971711914033691,0.5239697749667921,0.2790861422314221
"(9.985326568984801, 105.49782663025726)",Rice,0.015139753,0.1219100207,0.1468658056383807,0.3597745138340128,0.5202499325968708,0.1017418748029878
"(9.976241992391602, 105.48647090951627)",Rice,0.0241638627,0.1363817453,0.2335672172957202,0.2485980495539958,0.5714177552128393,0.0611609498131612
"(9.979421594199222, 105.49555548610908)",Rice,0.0305247065,0.0771115869,0.6040865076444414,0.4436682974798523,0.6604111394816862,0.0952169406189842
"(9.984418111325482, 105.54506642853983)",Rice,0.0290230848,0.1921562254,0.1901334806226309,0.4511897748493205,0.5307590570193234,0.4055320113661179
"(9.972608161754321, 105.53734453843595)",Rice,0.0216115192,0.1060249135,0.2786929293424052,0.3036594123708216,0.3785088703061932,0.1547253494620921
"(9.980784280688201, 105.49646394376836)",Rice,0.0329561271,0.130702287,0.3614570812541399,0.4840935461253884,0.7002426211374916,0.2426916712630998
"(9.98487234015514, 105.50146046089439)",Rice,0.0292328261,0.1235900298,0.334644528695625,0.4019740101390725,0.5752709448941008,0.1282338276818193
"(9.961252441012821, 105.52598881769495)",Rice,0.0180195831,0.111098282,0.2085439498417141,0.3235285913816665,0.5682119513306976,0.0970120414302641
"(9.94989672027132, 105.51826692759107)",Rice,0.041636873,0.3044722974,0.1669004434062377,0.2371826620652595,0.4499280291788119,-0.0192866064331943
"(9.98941462845174, 105.50827389333898)",Rice,0.0339058377,0.3414517641,0.1085935138074285,0.4380860224163654,0.7513919112241305,0.0971774851787115
"(9.97533353473228, 105.48556245185699)",Rice,0.026473809,0.0758882016,0.5261098423810692,0.2503299129317906,0.5498618179718439,0.06404263271104
"(9.9830554248365, 105.53870722492488)",Rice,0.018428795,0.2708644271,0.0643128879599654,0.3489871326910155,0.4365514238411001,0.2411063893735859
"(9.98805194196276, 105.5377987672656)",Rice,0.0326058827,0.2236132771,0.1815877427116164,0.3549681577552238,0.4254555535204227,0.2498222772694459
"(9.982146967177181, 105.49646394376836)",Rice,0.0299473051,0.1168034375,0.3687450089157016,0.4256462731936333,0.6469906900328587,0.1543026706231454
"(9.986689255473781, 105.50373160504259)",Rice,0.0343767703,0.0825893432,0.6373346205191188,0.4928283512936683,0.7081807262441924,0.1801159235424881
"(9.994411145578, 105.51781269876145)",Rice,0.0236919448,0.0526737384,0.6912158643595366,0.3118129499472922,0.5389014031223186,0.0453239843574458
"(9.982601196006842, 105.50327737621296)",Rice,0.0197233409,0.3513821363,0.0490099959659482,0.3910355384138754,0.5253822608028083,0.0673954966816954
"(9.978967365369561, 105.50418583387224)",Rice,0.0215745363,0.1448902935,0.1866330098621845,0.3908864538473297,0.5672966744864718,0.0343602796365185
"(10.001224578022901, 105.50464006270187)",Rice,0.0393844172,0.1302200556,0.4476006147736545,0.3389573953441775,0.549929614041372,0.0569650350725557
"(9.96897433111704, 105.52371767354674)",Rice,0.0461768918,0.1130607277,0.6246381736733091,0.3171631507821723,0.4512274724886994,0.1165225307237141
"(9.950805177930642, 105.52008384290963)",Rice,0.0379429162,0.1805236042,0.2895200959054432,0.3314962724398243,0.4531316064242371,0.2329729281309626
"(9.98941462845174, 105.4991893167462)",Rice,0.0360144898,0.4434247315,0.0823522657610904,0.4094732604000094,0.705628700754306,0.1676407786355892
"(9.97351661941364, 105.53643608077667)",Rice,0.0257168692,0.1765637845,0.181324134278505,0.32041562260043,0.4032814467108127,0.1547613472088224
"(9.97533353473228, 105.52144652939856)",Rice,0.0510740392,0.1414236873,0.546665784627176,0.2773360801804974,0.3590240390805057,0.1101766190075693
"(9.9671574157984, 105.49373857079053)",Rice,0.0315903947,0.3563678265,0.0929426669962146,0.3688779869515684,0.6239791363364425,0.0728306669863999
"(9.967611644628061, 105.50827389333898)",Rice,0.0271383878,0.1467035115,0.2467200078628584,0.3850897890694099,0.6203036241276801,0.1361846225406614
"(9.982601196006842, 105.51690424110214)",Rice,0.0120873945,0.083991155,0.1784922562421328,0.4606340861492277,0.6078693458664017,0.1232754971379891
"(9.9830554248365, 105.53825299609522)",Rice,0.0224464629,0.1709016412,0.1582238641935288,0.350144266105698,0.4313762239670827,0.240481474382245
"(9.968520102287382, 105.4946470284498)",Rice,0.0385742597,0.0773969218,0.7673283936120232,0.4067518392318647,0.6614810179846875,0.1093876261318194
"(9.974425077072961, 105.50645697802042)",Rice,0.0483944751,0.3999061882,0.1418729485466291,0.4241446289448799,0.5806844547810248,0.1401378669238329
"(9.96397781399078, 105.52371767354674)",Rice,0.0412669219,0.1317817718,0.4658119411265977,0.3238146286749555,0.5087279068824269,0.1241948880287097
"(9.991685772600041, 105.51645001227251)",Rice,0.0321239233,0.1137011126,0.4135754240890399,0.344252572535679,0.5253363509808113,0.0317342777779639
"(9.985780797814462, 105.50872812216863)",Rice,0.0299648028,0.1466023475,0.2796483527785602,0.3935105623129688,0.715082099184205,0.101367711537203
"(9.981238509517862, 105.50373160504259)",Rice,0.0377613641,0.0657087639,0.8818790457803047,0.3205223887033547,0.5135283456108308,0.0422289659773356
"(9.971699704095002, 105.4923758843016)",Rice,0.0204433557,0.3674248159,0.0484018603863431,0.3653319361621135,0.6573073481717294,0.0861420336196775
"(9.95307632207894, 105.51599578344286)",Rice,0.0160549153,0.1134039089,0.1746926094255964,0.3660018589073971,0.6573185007504866,0.10501351558117
"(9.97987582302888, 105.51554155461324)",Rice,0.0275311824,0.1142708883,0.3421948173609452,0.26799942455754,0.4084283784024268,0.0842731033207773
"(10.481616988271316, 104.91150805695796)",Non Rice,0.1138458773,0.2633318305,0.6633105857135403,0.408231219925004,0.5091209990914557,0.1856791428629516
"(10.481162759441657, 104.91150805695796)",Non Rice,0.0891627669,0.180126965,0.7620888471967994,0.4123676789699518,0.516261568241022,0.1842944528676739
"(10.480708530611997, 104.91150805695796)",Non Rice,0.0534914583,0.263767153,0.27692777724226,0.4227542684400993,0.5275706864587413,0.1969688903086124
"(10.480254301782336, 104.91150805695796)",Non Rice,0.0163278133,0.0946783498,0.225647950132915,0.4301893162453456,0.5340296823300505,0.2099067988563365
"(10.479800072952678, 104.91150805695796)",Non Rice,0.0463716723,0.2139178216,0.3007836118200103,0.4416104005556909,0.5446091362577073,0.2271560574948665
"(10.479345844123017, 104.91150805695796)",Non Rice,0.0254678093,0.0867207423,0.432637901609298,0.5209771351158536,0.5537314777552872,0.4713149313693742
"(10.478891615293357, 104.91150805695796)",Non Rice,0.0440939143,0.0798340067,0.8489345828949908,0.52330105647976,0.5567379131993823,0.4731276132515448
"(10.478437386463696, 104.91150805695796)",Non Rice,0.0196230542,0.2403594851,0.0829456518496726,0.5292348932301915,0.5637660462258958,0.4773020356689924
"(10.477983157634037, 104.91150805695796)",Non Rice,0.062448319,0.2189861834,0.4180951330490602,0.534332705656655,0.5695540856738164,0.4801633570371452
"(10.477528928804377, 104.91150805695796)",Non Rice,0.042154219,0.1540635377,0.3983034820653135,0.5397589846059612,0.5762042626413609,0.4830682868290968
"(10.477074699974716, 104.91150805695796)",Non Rice,0.1839367598,0.2038779408,1.3065510631576005,0.5457770994604173,0.5836527490967941,0.485775514186383
"(10.476620471145058, 104.91150805695796)",Non Rice,0.0435438752,0.0919011906,0.7291314368330216,0.5580025136744503,0.5981657229637608,0.4920699132903214
"(10.476166242315397, 104.91150805695796)",Non Rice,0.0616195314,0.2516222596,0.3489940563390494,0.5631606359929804,0.6042466859459412,0.4949718819888886
"(10.475712013485737, 104.91150805695796)",Non Rice,0.0294217691,0.1289511174,0.3202889216279027,0.5718354519722898,0.6150871420622687,0.4995385048355055
"(10.475257784656076, 104.91150805695796)",Non Rice,0.0517195351,0.2300805151,0.3145069961838214,0.5788412137412692,0.623181013837826,0.5025121162846375
"(10.474803555826417, 104.91150805695796)",Non Rice,0.0106674489,0.1132617369,0.1010160665055458,0.5888025467481348,0.6339458469219552,0.5074162012353294
"(10.474349326996757, 104.91150805695796)",Non Rice,0.0327767581,0.2757537961,0.138503808749971,0.5986661892698021,0.643710932481953,0.5122987498360738
"(10.473895098167096, 104.91150805695796)",Non Rice,0.0344205536,0.0988449007,0.525061761961761,0.6110219200720586,0.6586682394514282,0.5190835558738118
"(10.473440869337438, 104.91150805695796)",Non Rice,0.0390179493,0.0853302181,0.7030683822396693,0.6170748231547103,0.6716810645826958,0.5241060365011204
"(10.472986640507777, 104.91150805695796)",Non Rice,0.0345568061,0.1264151782,0.3978642698298926,0.6054484870407539,0.680511450152268,0.5288869747294789
"(10.472532411678117, 104.91150805695796)",Non Rice,0.0591470376,0.096919626,0.9332419849976796,0.5913827812083283,0.6790996396796638,0.5289044528786553
"(10.472078182848456, 104.91150805695796)",Non Rice,0.0172549486,0.1420227289,0.1426258102341659,0.5821378626247605,0.6818833542616366,0.5318296740818099
"(10.471623954018797, 104.91150805695796)",Non Rice,0.0564324781,0.1998929232,0.413205605939047,0.5750453612544062,0.6861589301042641,0.5009321114109333
"(10.481616988271316, 104.91196228578761)",Non Rice,0.0487541556,0.3009886742,0.2081872940757058,0.4016511716246638,0.5049480644288473,0.1703780829049261
"(10.481162759441657, 104.91196228578761)",Non Rice,0.0424811952,0.1474619061,0.4230773689307708,0.405786877843088,0.5131081879379239,0.1663833765350784
"(10.480708530611997, 104.91196228578761)",Non Rice,0.0573484264,0.1340161413,0.6562207469766967,0.4146163856071669,0.5241512155433565,0.173827472241821
"(10.480254301782336, 104.91196228578761)",Non Rice,0.0196625143,0.1132272705,0.2276570853454506,0.4234360271973062,0.5317898228965758,0.1890512642078403
"(10.479800072952678, 104.91196228578761)",Non Rice,0.0754223391,0.1994938999,0.5747902547372371,0.5137697806989222,0.5454246609715067,0.4667681581385312
"(10.479345844123017, 104.91196228578761)",Non Rice,0.0601746216,0.336181134,0.2366204574418542,0.523211770751764,0.5563937638144445,0.4727566131738382
"(10.478891615293357, 104.91196228578761)",Non Rice,0.0687528178,0.3139846623,0.3045399379031375,0.5269005122531967,0.560970381419266,0.475375594998295
"(10.478437386463696, 104.91196228578761)",Non Rice,0.1351788491,0.2882525623,0.7215202094671163,0.5334555962784221,0.5684976934787723,0.4797633613344967
"(10.477983157634037, 104.91196228578761)",Non Rice,0.098407954,0.2420932651,0.621480187814991,0.5402046925682565,0.5763774716834138,0.4833477102197977
"(10.477528928804377, 104.91196228578761)",Non Rice,0.0564619303,0.4002195895,0.1738895233989157,0.5450415179231278,0.5824171798085956,0.4857670513008851
"(10.477074699974716, 104.91196228578761)",Non Rice,0.0783557594,0.1040912867,1.1257996851160783,0.5506125520378243,0.5893409382011582,0.488315491953616
"(10.476620471145058, 104.91196228578761)",Non Rice,0.038610056,0.2451459914,0.2007672866849124,0.5635571348705616,0.6047786156947659,0.4949802194577272
"(10.476166242315397, 104.91196228578761)",Non Rice,0.0878801346,0.4393545985,0.2722012041527241,0.5698494006439175,0.612213228254247,0.498327475540767
"(10.475712013485737, 104.91196228578761)",Non Rice,0.0363393798,0.2331676632,0.1980482819227784,0.5810611424457833,0.6257805806548487,0.5040699315571424
"(10.475257784656076, 104.91196228578761)",Non Rice,0.0822875425,0.2341730446,0.5303733403230607,0.5897851565080409,0.6359147020168983,0.5081818791890997
"(10.474803555826417, 104.91196228578761)",Non Rice,0.0330146849,0.1282509267,0.3705169447889632,0.5986308195377966,0.6459386605853534,0.5124256875058943
"(10.474349326996757, 104.91196228578761)",Non Rice,0.0102581643,0.0681360736,0.1893382041352264,0.6081679005982282,0.6561223234044135,0.5170627177506997
"(10.473895098167096, 104.91196228578761)",Non Rice,0.0705355778,0.0991982445,1.0715680265918492,0.6186890099510434,0.6666897137682942,0.5229098450564651
"(10.473440869337438, 104.91196228578761)",Non Rice,0.0652039424,0.0995999128,0.995450625452544,0.6247430983061787,0.67962034170833,0.5279343680910173
"(10.472986640507777, 104.91196228578761)",Non Rice,0.032892175,0.1411815584,0.3285481407808184,0.6129967981689718,0.6879881739942652,0.5333442296186001
"(10.472532411678117, 104.91196228578761)",Non Rice,0.0842665285,0.2660492659,0.4719033581584264,0.5985735449615079,0.6875316072813975,0.5339423380485371
"(10.472078182848456, 104.91196228578761)",Non Rice,0.0819525793,0.1398882121,0.8981354167918203,0.5888980774047948,0.6909306700532497,0.5375071563335544
"(10.471623954018797, 104.91196228578761)",Non Rice,0.0322400443,0.1173555999999999,0.4001980915710675,0.5813003764399577,0.6943057634451211,0.5063334381367678
"(10.471169725189137, 104.91196228578761)",Non Rice,0.0535261296,0.5354428291000001,0.1095898024526084,0.5715868045569019,0.6946152181828738,0.4740445359132255
"(10.470715496359476, 104.91196228578761)",Non Rice,0.045544792,0.2372415364,0.2585416178025493,0.5661283350652253,0.6963449633320608,0.4541971700069312
"(10.470261267529818, 104.91196228578761)",Non Rice,0.0375728197,0.1375498772,0.397518201515314,0.5637581801744188,0.6953650701735772,0.4485594679065391
"(10.469807038700157, 104.91196228578761)",Non Rice,0.0422078073,0.1832760423,0.3239485324440059,0.5621427344643184,0.6962717520547677,0.4403396910309353
"(10.469352809870497, 104.91196228578761)",Non Rice,0.0961900875,0.355967015,0.3924835285312856,0.5656746141244137,0.6965993753063734,0.4497205749682819
"(10.468898581040836, 104.91196228578761)",Non Rice,0.0505741201,0.2544571757,0.2700448474263864,0.5621745846151441,0.6893975147102013,0.4499452829962265
"(10.468444352211177, 104.91196228578761)",Non Rice,0.0933740512,0.3250203729,0.4217163723028363,0.5619741411716562,0.6865814510447183,0.4538668672285519
"(10.467990123381517, 104.91196228578761)",Non Rice,0.0850486606,0.1979030669,0.659162791632919,0.5673139146610345,0.6795122023564194,0.4806136430559381
"(10.467535894551856, 104.91196228578761)",Non Rice,0.0602092929,0.3444362879,0.2295847722079386,0.5828578575392401,0.6816453670624268,0.5240860445445452
"(10.467081665722198, 104.91196228578761)",Non Rice,0.0484645404,0.154475376,0.46681512992459,0.6017007894768782,0.6849751659260014,0.5452043397954274
"(10.466627436892537, 104.91196228578761)",Non Rice,0.0751678422,0.2199252695,0.5142443259020465,0.6096430375871904,0.6844690114940262,0.5451870911682033
"(10.466173208062877, 104.91196228578761)",Non Rice,0.0957628936,0.155866757,0.9391028531912164,0.6203918349894831,0.6772151630993458,0.5421968860173402
"(10.465718979233216, 104.91196228578761)",Non Rice,0.0640288889,0.4551994801,0.1732153278818414,0.624225801947995,0.6740434114955777,0.540914698483037
"(10.465264750403557, 104.91196228578761)",Non Rice,0.1260523647,0.4815303087,0.3779883516966849,0.6259798090879017,0.6705780072918286,0.539927165486271
"(10.464810521573897, 104.91196228578761)",Non Rice,0.0528703816,0.2843275666,0.2483426287080652,0.4708458583484788,0.6626155567758774,0.0345440408752637
"(10.464356292744236, 104.91196228578761)",Non Rice,0.0664335042,0.2351695448,0.4135110708720118,0.455770698722197,0.6398505816055461,0.0354138729733024
"(10.463902063914578, 104.91196228578761)",Non Rice,0.0890670866,0.5783207417,0.1950151891903671,0.4405509027534463,0.6152910371555309,0.0369249290566686
"(10.463447835084917, 104.91196228578761)",Non Rice,0.0410522409,0.5596125126,0.0714688956638034,0.4280195382202581,0.591418997884765,0.0476048010827367
"(10.462993606255257, 104.91196228578761)",Non Rice,0.0507828332,0.1976501346,0.3696762415759085,0.4171470863330977,0.5736239112388498,0.0499825784827085
"(10.462539377425596, 104.91196228578761)",Non Rice,0.0880208462,0.1720206589,0.787724392351993,0.4006921431027979,0.5487824404628089,0.0489999206783255
"(10.462085148595937, 104.91196228578761)",Non Rice,0.0677047446,0.1393922716,0.7477008682439944,0.3818681811311032,0.5197443507559516,0.0493186218304166
"(10.461630919766277, 104.91196228578761)",Non Rice,0.043721512,0.1550424695,0.412663653310526,0.3616693875075766,0.4874445936531335,0.0517757171021824
"(10.461176690936616, 104.91196228578761)",Non Rice,0.0922690034,0.1709939688,0.8299636383923445,0.3466828993707074,0.4631993301345278,0.0544795883214193
"(10.460722462106958, 104.91196228578761)",Non Rice,0.0568749607,0.0978486761,0.891469846901589,0.3372711668859073,0.4479948372139103,0.055536422407431
"(10.460268233277297, 104.91196228578761)",Non Rice,0.0211702231,0.1056028157,0.272965520325383,0.3302658066839334,0.4368536194864398,0.0554550259336564
"(10.459814004447637, 104.91196228578761)",Non Rice,0.0364569128,0.1798879057,0.2767005855633664,0.3318891809010965,0.438689611496581,0.0567655336652955
"(10.459359775617976, 104.91196228578761)",Non Rice,0.0584227927,0.0873721689,1.0146580077313958,0.3385859990289914,0.4494048830943404,0.058531752778779
"(10.458905546788317, 104.91196228578761)",Non Rice,0.0656206682,0.1747843176,0.5704344665830041,0.3423119396660332,0.4550297173935299,0.0595068192773361
"(10.482071217100977, 104.91241651461723)",Non Rice,0.0348478407,0.1255837977,0.4049382227264616,0.3887948812557005,0.4873376879866104,0.1630879042181522
"(10.481616988271316, 104.91241651461723)",Non Rice,0.0528346561,0.1487464905,0.5367393699186792,0.395809830244086,0.5005741908374485,0.1574278332881123
"(10.481162759441657, 104.91241651461723)",Non Rice,0.0328425877,0.2017702162,0.2095021474476164,0.3991361029188522,0.5087245463923608,0.1496827043085415
"(10.480708530611997, 104.91241651461723)",Non Rice,0.0583110191,0.1727434248,0.5071243337226377,0.4049489358839499,0.5197521750501466,0.1446714669075643
"(10.480254301782336, 104.91241651461723)",Non Rice,0.0649442822,0.5665308237000001,0.1319280129669271,0.4085188371757142,0.5290073140963916,0.1348813602334729
"(10.479800072952678, 104.91241651461723)",Non Rice,0.0728009716,0.1385687888,0.808539928659594,0.514260755306314,0.5454742680210927,0.4681041706158138
"(10.479345844123017, 104.91241651461723)",Non Rice,0.0420388393,0.1234877259,0.5119582093293484,0.5227923373682314,0.5556618828632978,0.4735910269784
"(10.478891615293357, 104.91241651461723)",Non Rice,0.009187283,0.0666249543,0.1687452912340175,0.5246676568551535,0.558333974483723,0.4750590969656945
"(10.478437386463696, 104.91241651461723)",Non Rice,0.0192433111,0.0878149718,0.3048240876430711,0.5304525658415197,0.56501915119479,0.4786009202626969
"(10.477983157634037, 104.91241651461723)",Non Rice,0.0397659577,0.1456154138,0.3974001478515826,0.5385032512771439,0.5747982396623431,0.4822407883335852
"(10.477528928804377, 104.91241651461723)",Non Rice,0.023123242,0.1970190704,0.1361688569460448,0.5441453302939768,0.5817669190946327,0.4852928482648712
"(10.477074699974716, 104.91241651461723)",Non Rice,0.0384726375,0.1650834084,0.3286714062304042,0.5493370113413004,0.5881978411407306,0.4876135982234535
"(10.476620471145058, 104.91241651461723)",Non Rice,0.0662583336,0.2695106566,0.3506387247939416,0.5628052300421618,0.6042510208626304,0.4945055455737359
"(10.476166242315397, 104.91241651461723)",Non Rice,0.0652816296,0.1460354924,0.6868223844656743,0.5702846351460177,0.6132111671554108,0.498553840191351
"(10.475712013485737, 104.91241651461723)",Non Rice,0.0459823236,0.4071173668,0.1293170275214891,0.5836615927718715,0.6291646903531837,0.5055156786116637
"(10.475257784656076, 104.91241651461723)",Non Rice,0.0696663558,0.0822743028,1.2418914144887858,0.5920912753622924,0.6389040711763169,0.5098245155869444
"(10.474803555826417, 104.91241651461723)",Non Rice,0.0172824692,0.1214581504,0.1758584472331178,0.5997164309322679,0.6474109265953951,0.51355932011882
"(10.474349326996757, 104.91241651461723)",Non Rice,0.0365614407,0.0918852761,0.6074498521252154,0.6089302685396264,0.6574894882756113,0.5179195680939076
"(10.473895098167096, 104.91241651461723)",Non Rice,0.0457685627,0.2723429501,0.2182940116913461,0.6203903547656908,0.6688049954619535,0.5245307980735805
"(10.473440869337438, 104.91241651461723)",Non Rice,0.0693558156,0.1050450504,1.0031395665785758,0.62744211315005,0.681712964812429,0.5301529082191535
"(10.472986640507777, 104.91241651461723)",Non Rice,0.0257819295,0.1677317768,0.1945205638294599,0.6177862693639358,0.6910625531652946,0.5367292116562294
"(10.472532411678117, 104.91241651461723)",Non Rice,0.0591652468,0.2747943997,0.2982764894210513,0.6047132413281427,0.6919668125581117,0.538123318309027
"(10.472078182848456, 104.91241651461723)",Non Rice,0.0619998164,0.2197816074,0.4128355210381438,0.595644726953102,0.6970460643247351,0.5429523851403394
"(10.471623954018797, 104.91241651461723)",Non Rice,0.0730175748,0.1498354822,0.750193339132632,0.5881156880485038,0.7007446154961056,0.5157569289175783
"(10.471169725189137, 104.91241651461723)",Non Rice,0.0204037707,0.2021880746,0.1110099144466196,0.5781551005203158,0.7009881697981907,0.483377696145703
"(10.470715496359476, 104.91241651461723)",Non Rice,0.0510434359,0.5963168144000001,0.0885626898385588,0.5722037847825618,0.7011594242296557,0.4642782908004627
"(10.325089733570481, 105.4923758843016)",Non Rice,0.0035917861,0.0112741394,0.4750482925167402,0.0439196141055052,0.0831472668427387,0.0083453541033765
"(10.325089733570481, 105.49283011313122)",Non Rice,0.0041638617,0.0080837542,0.7929158492607397,0.026172212152204,0.076822475320881,-0.0201653919738887
"(10.324635504740822, 105.49283011313122)",Non Rice,0.0041048429,0.0078952676,0.8002523061548243,0.0817567526498869,0.1337427483475649,0.0382852955012844
"(10.325089733570481, 105.49328434196087)",Non Rice,0.0034727757,0.0058894474,0.90366323403032,0.0007883604338387,0.0854878726161822,-0.0684762238194287
"(10.324635504740822, 105.49328434196087)",Non Rice,0.0030692904,0.011756964,0.376764340177573,0.0501253667438314,0.1319106964892994,-0.0076094996140982
"(10.324181275911162, 105.49328434196087)",Non Rice,0.0052333316,0.0064542461,1.1985070841864975,0.0845833055650023,0.1333930246077986,0.045485721739606
"(10.325089733570481, 105.49373857079053)",Non Rice,0.0049192719,0.0109052528,0.6932904550854075,-0.0470126789058222,0.0527633393444362,-0.1363772012797432
"(10.324635504740822, 105.49373857079053)",Non Rice,0.0090615908,0.0062656784,1.818316515628968,-0.0017033641936349,0.093762134840759,-0.0783165628680564
"(10.324181275911162, 105.49373857079053)",Non Rice,0.0057124346,0.0118700201,0.7407515895453318,0.0300196717000707,0.0820547609081592,-0.0220719420468679
"(10.323727047081501, 105.49373857079053)",Non Rice,0.0044893525,0.0110810604,0.6192775808155286,0.0592665595988831,0.1021876294495133,0.0238284372896572
"(10.325089733570481, 105.49419279962015)",Non Rice,0.0049331137,0.0046978337,1.4663517537224484,-0.0710588577576572,0.0337316786680965,-0.1699925122254097
"(10.324635504740822, 105.49419279962015)",Non Rice,0.0041215094,0.005785651,1.0732987949034047,-0.0300881715953273,0.0695854468878281,-0.1162651203116663
"(10.324181275911162, 105.49419279962015)",Non Rice,0.0046712966,0.0109717725,0.6527294545128774,-0.0026552402084602,0.0503561981566566,-0.0606480233749959
"(10.323727047081501, 105.49419279962015)",Non Rice,0.0038339165,0.0046900641,1.2065915719075753,0.0264472411772468,0.077461828112297,-0.0130099828234214
"(10.32327281825184, 105.49419279962015)",Non Rice,0.0094547616,0.0120832408,1.1633964487840631,0.0443308097245681,0.0887250703507036,0.0111783339235824
"(10.325089733570481, 105.4946470284498)",Non Rice,0.0030131151,0.011179815,0.3912690342101861,-0.107090016767552,0.0098069261415874,-0.2245834702824503
"(10.324635504740822, 105.4946470284498)",Non Rice,0.0040940824,0.0112315193,0.5522917535217201,-0.0782758432441197,0.0316066515133389,-0.1835467749810686
"(10.324181275911162, 105.4946470284498)",Non Rice,0.0037134832,0.0064026541,0.8896314219558432,-0.0618002767683599,0.0059452976832397,-0.1325906812215748
"(10.323727047081501, 105.4946470284498)",Non Rice,0.0039258418,0.0078960955,0.7654665302341572,-0.0316173706088224,0.0326388344699583,-0.0801653712496662
"(10.32327281825184, 105.4946470284498)",Non Rice,0.0048755989,0.0083629424,0.8940086996662768,-0.0090149679536351,0.0461774485849743,-0.0502623596268148
"(10.32281858942218, 105.4946470284498)",Non Rice,0.0036583925,0.0186875742,0.2649700071831693,0.016397061548769,0.0622208988047619,-0.0167697305858377
"(10.325089733570481, 105.49510125727943)",Non Rice,0.0056793941,0.0097279185,0.8952053296403419,-0.141176837095514,-0.0568135958598748,-0.2527352020717522
"(10.324635504740822, 105.49510125727943)",Non Rice,0.0027941475,0.0140709467,0.269743399736662,-0.1150934804377769,-0.0235178335086707,-0.2224731211039475
"(10.324181275911162, 105.49510125727943)",Non Rice,0.0036841412,0.0096372068,0.5817576875714672,-0.0982082612191211,-0.0200973718266357,-0.1766888398004105
"(10.323727047081501, 105.49510125727943)",Non Rice,0.0041648624,0.0108275302,0.5856721301953322,-0.0654831022258802,0.0059290703369795,-0.1256474212622399
"(10.32327281825184, 105.49510125727943)",Non Rice,0.0035359776,0.0055849333,0.9655325720560276,-0.0402803650326903,0.020925470403555,-0.0892566539862298
"(10.32281858942218, 105.49510125727943)",Non Rice,0.0052447752,0.0077685839,1.0234489565158134,-0.0109314007834095,0.0401432994584174,-0.0520094974310227
"(10.322364360592521, 105.49510125727943)",Non Rice,0.0021272337,0.0151005993,0.1735548754741105,0.0096433091142334,0.0530579611868742,-0.0257197251980649
"(10.321910131762861, 105.49510125727943)",Non Rice,0.006034045,0.0128769912,0.7209411573591595,0.0504501590842886,0.085161562075417,0.0287727861618503
"(10.325089733570481, 105.49555548610908)",Non Rice,0.0055866325,0.0093932459,0.911009099036792,-0.1547186758332853,-0.0593168515768323,-0.2795806369750031
"(10.324635504740822, 105.49555548610908)",Non Rice,0.0044995956,0.0086274957,0.8027262364213469,-0.1497708353416531,-0.0627549796813456,-0.2623233626756312
"(10.324181275911162, 105.49555548610908)",Non Rice,0.0114820367,0.0217949823,0.8107216396911049,-0.1364114889030906,-0.0488274455480858,-0.2277657556014222
"(10.323727047081501, 105.49555548610908)",Non Rice,0.1479881257,2.110096693,0.0671104142476895,-0.1037386271782083,-0.0235041523096483,-0.1788711583022192
"(10.32327281825184, 105.49555548610908)",Non Rice,0.0106540909,0.0122829936,1.2662727653826786,-0.0771044142268195,-0.0079245010352995,-0.1413611674925444
"(10.32281858942218, 105.49555548610908)",Non Rice,0.0056360723,0.0241595358,0.3290761780607418,-0.0445855128847001,0.0140682390685769,-0.0966947088370296
"(10.322364360592521, 105.49555548610908)",Non Rice,0.0090515101,0.0185604747,0.75074960676514,-0.022314760885253,0.0287393801513818,-0.0692355750041766
"(10.321910131762861, 105.49555548610908)",Non Rice,0.0059584538,0.0331752002,0.2376483232724895,0.0205864347909083,0.0613611799617322,-0.0122640492410047
"(10.321455902933202, 105.49555548610908)",Non Rice,0.0044536372,0.0151642924,0.4326657200287572,0.055642044132295,0.0906847948028603,0.0347529449653789
"(10.325089733570481, 105.49600971493871)",Non Rice,0.0030528875,0.0082628699,0.5605324381336015,-0.163525590155723,-0.0593168515768323,-0.2969120286930698
"(10.324635504740822, 105.49600971493871)",Non Rice,0.0049255122,0.0197915137,0.355830172372335,-0.165311247174734,-0.0754283858988188,-0.2849486279339056
"(10.324181275911162, 105.49600971493871)",Non Rice,0.0047467789,0.0078235697,0.9281913431569446,-0.1577398463627302,-0.0659616314521677,-0.2582911585458058
"(10.323727047081501, 105.49600971493871)",Non Rice,0.0067510055,0.0128024705,0.8114779531187843,-0.1282027568389209,-0.041613513903545,-0.2127020902592515
"(10.32327281825184, 105.49600971493871)",Non Rice,0.0119130565,0.0260441825,0.703319845377244,-0.1011960860122992,-0.0258418745566344,-0.174541442142733
"(10.32281858942218, 105.49600971493871)",Non Rice,0.0484811366,3.7718324661,0.0057183490130265,-0.0678756111403871,-0.0026842102375295,-0.12473137753094
"(10.322364360592521, 105.49600971493871)",Non Rice,0.0064742072,0.0182365477,0.5364272893571002,-0.0459209421726405,0.0124175055244447,-0.0982863616233691
"(10.321910131762861, 105.49600971493871)",Non Rice,0.0062733167,0.0248561352,0.3618666829844578,-0.0023078165440264,0.0445999245813756,-0.0412047033180509
"(10.321455902933202, 105.49600971493871)",Non Rice,0.0042261276,0.0106119039,0.6080082422614818,0.0325227968173885,0.0719599355521483,0.0049086521223931
"(10.321001674103542, 105.49600971493871)",Non Rice,0.0058320058,0.0189480521,0.456702550493668,0.083836890310012,0.1171433488577029,0.0587575878974494
"(10.325089733570481, 105.49646394376836)",Non Rice,0.0036815088,0.0125020221,0.4339991047417472,-0.1672990194665084,-0.0593168515768323,-0.3019968368738436
"(10.324635504740822, 105.49646394376836)",Non Rice,0.0046996064,0.0034894999,1.7389914962981037,-0.178140717354552,-0.0908201251749103,-0.3023472118798124
"(10.474349326996757, 105.53107618058692)",Non Rice,0.0640922934,0.4330353737,0.1851683721041593,0.5584934813557849,0.7489515846506349,0.1951558093884496
"(10.473895098167096, 105.53107618058692)",Non Rice,0.0847521573,0.4053958058,0.2876042705788567,0.5561035448298352,0.7536427184251759,0.1821382058955983
"(10.474349326996757, 105.53153040941655)",Non Rice,0.0756368935,0.2781328857,0.3954389286449129,0.5629179933093567,0.7513779314816816,0.224830365624312
"(10.473895098167096, 105.53153040941655)",Non Rice,0.1484349817,0.5106272697,0.4275380083901044,0.559915587565978,0.7556943295622687,0.2101421254528158
"(10.473440869337438, 105.53153040941655)",Non Rice,0.0735169724,0.3769926131,0.263684959022655,0.5588805047434964,0.7584373565901222,0.2046996851246026
"(10.474803555826417, 105.5319846382462)",Non Rice,0.0557313636,0.269800663,0.2833471914867777,0.5741098722407313,0.753255213634846,0.2671018252992853
"(10.474349326996757, 105.5319846382462)",Non Rice,0.1150279567,0.8136774898,0.1743605018867993,0.5688298345392839,0.7536677599044244,0.2491322240114511
"(10.473895098167096, 105.5319846382462)",Non Rice,0.1286826432,0.4040931761,0.4748136463857831,0.564125342243609,0.7569427605391282,0.2303802281368821
"(10.473440869337438, 105.5319846382462)",Non Rice,0.0456038676,0.4362419248,0.1164663322934731,0.5624869467336874,0.7594648365364013,0.223381514434578
"(10.472986640507777, 105.5319846382462)",Non Rice,0.0926069245,0.3123180866,0.4374851131074265,0.5593468488372317,0.7614162175983983,0.213737030466573
"(10.472532411678117, 105.5319846382462)",Non Rice,0.0395733975,0.4575076103,0.0898512745875671,0.5551390604592322,0.7631610301561764,0.1993157774923867
"(10.474803555826417, 105.53243886707584)",Non Rice,0.0596413314,0.256349504,0.3279965347648881,0.576028178897194,0.7500553480592912,0.2884618144761959
"(10.474349326996757, 105.53243886707584)",Non Rice,0.0308245234,0.3488138318,0.09254424617634,0.5712563133069539,0.750312424188779,0.2744555560054163
"(10.473895098167096, 105.53243886707584)",Non Rice,0.0420212597,0.426418066,0.1074690900554974,0.5658647422121821,0.7527512381802606,0.2558239171431425
"(10.473440869337438, 105.53243886707584)",Non Rice,0.0435679257,0.1247195229,0.5269054942247321,0.5633560027240824,0.7543160742900675,0.2480651104281068
"(10.472986640507777, 105.53243886707584)",Non Rice,0.0661583841,0.6603555083,0.1099186637410412,0.5603889555979518,0.756343845961123,0.2398706211282276
"(10.472532411678117, 105.53243886707584)",Non Rice,0.0784375444,0.4933233857,0.2032470549865273,0.5570529517420567,0.759644793383705,0.2256064824178605
"(10.472078182848456, 105.53243886707584)",Non Rice,0.1009924412,0.2825417221,0.5404894414559428,0.5498956298762153,0.762536163037172,0.2031605418238985
"(10.475257784656076, 105.53289309590548)",Non Rice,-32768.0,-32768.0,1.4142135623730951,0.5801363973777519,0.7467680052132166,0.3028637185457508
"(10.474803555826417, 105.53289309590548)",Non Rice,0.0338202864,0.2949500084,0.1319735977545116,0.5772330318103768,0.7460767810417973,0.3089729523446072
"(10.474349326996757, 105.53289309590548)",Non Rice,0.108668521,0.4649582505,0.3298158386904608,0.5730191308495325,0.7457963419822494,0.3001864491591621
"(10.473895098167096, 105.53289309590548)",Non Rice,0.0503574125,0.1920373738,0.3787653044667528,0.5676554887809042,0.7478195354387644,0.2853901965459686
"(10.473440869337438, 105.53289309590548)",Non Rice,0.0459907129,0.3017039299,0.1924279729090161,0.56519352995359,0.7489671432588523,0.2797818224018877
"(10.472986640507777, 105.53289309590548)",Non Rice,0.0674199387,0.1471902728,0.7043150157008672,0.5616847488961373,0.7509870619785619,0.2699670115123089
"(10.472532411678117, 105.53289309590548)",Non Rice,0.0535305925,0.3040786088,0.231659460103995,0.557757470755829,0.7543539766942268,0.252893643861048
"(10.472078182848456, 105.53289309590548)",Non Rice,0.0671106949,0.4422762394,0.1912827880329186,0.5492638242920256,0.7566465735015733,0.2275108998266533
"(10.471623954018797, 105.53289309590548)",Non Rice,0.0555526428,0.3971046209,0.1719740176100311,0.5409127768022965,0.7555617003270846,0.2214772079712827
"(10.471169725189137, 105.53289309590548)",Non Rice,0.0837667212,0.5012293458,0.216739390040877,0.5349268319365678,0.7529338814185188,0.2156019923029254
"(10.475257784656076, 105.53334732473513)",Non Rice,-32768.0,-32768.0,1.4142135623730951,0.5804367952271814,0.7465045619804607,0.308407653022334
"(10.474803555826417, 105.53334732473513)",Non Rice,0.1217838153,0.5999107957,0.2772772009836928,0.5768465973690287,0.7409122833962886,0.3240738278509287
"(10.474349326996757, 105.53334732473513)",Non Rice,0.0784342885,0.3011642992,0.3756920900068492,0.5729531932432335,0.7398588535714182,0.3191750383602096
"(10.473895098167096, 105.53334732473513)",Non Rice,0.0692227632,0.4547256231,0.1920881737328714,0.5687707946382503,0.7421690338791763,0.308303366571707
"(10.473440869337438, 105.53334732473513)",Non Rice,0.0464549102,0.2501921356,0.2478833673209414,0.566815947707654,0.7428236370861416,0.3060056868771002
"(10.472986640507777, 105.53334732473513)",Non Rice,0.0732672662,0.7658502460000001,0.103202637101463,0.5622975459826962,0.7428617085129435,0.2967858498696217
"(10.472532411678117, 105.53334732473513)",Non Rice,0.0874565542,0.7977840304,0.1242099994883468,0.5577247961497711,0.7448824733765954,0.2810566493108399
"(10.472078182848456, 105.53334732473513)",Non Rice,0.0664503798,0.3693535328,0.2381603748188064,0.5487782980897213,0.7460724815865599,0.2563707731015787
"(10.471623954018797, 105.53334732473513)",Non Rice,0.0942553133,0.3950291276,0.3382023687285417,0.5405470880559482,0.7443146183770845,0.2513196564260751
"(10.471169725189137, 105.53334732473513)",Non Rice,0.0667327568,0.4112909734,0.2086384780899822,0.5343267080126688,0.7416868162765403,0.246849686917339
"(10.470715496359476, 105.53334732473513)",Non Rice,0.0770017207,0.3528275788,0.3032959509712075,0.5312969383515734,0.7445399430938474,0.2391371231261387
"(10.470261267529818, 105.53334732473513)",Non Rice,0.0607635342,0.2515746057,0.3432313913203607,0.5278361243531322,0.7434155256374705,0.2329249095594762
"(10.475712013485737, 105.53380155356476)",Non Rice,-32768.0,-32768.0,1.4142135623730951,0.5768457159005472,0.7421989042250485,0.2977653689922644
"(10.475257784656076, 105.53380155356476)",Non Rice,-32768.0,-32768.0,1.4142135623730951,0.5777230984101075,0.7437045767538282,0.3111795542016423
"(10.474803555826417, 105.53380155356476)",Non Rice,0.0935323983,0.4291169941,0.3028219991021689,0.5728909501763232,0.7375747443849497,0.327266439069724
"(10.474349326996757, 105.53380155356476)",Non Rice,0.1121636629,0.193973437,0.8870831316591017,0.5697047678431951,0.7330220557111332,0.3314945358681639
"(10.473895098167096, 105.53380155356476)",Non Rice,0.1039045528,0.3330735862,0.4637909729511065,0.5673240768969122,0.7347145586671677,0.3289425064663996
"(10.473440869337438, 105.53380155356476)",Non Rice,0.125569135,0.4157964885,0.4468361827011525,0.5652633351710975,0.7346522110067225,0.3275128968425759
"(10.472986640507777, 105.53380155356476)",Non Rice,0.1037423909,0.3661192656,0.4149916536721856,0.5622341844514158,0.734738450787219,0.3225757277669999
"(10.472532411678117, 105.53380155356476)",Non Rice,0.0861871392,0.0944467038,1.318332646972285,0.5590822754702212,0.736433403119786,0.3097678882702065
"(10.472078182848456, 105.53380155356476)",Non Rice,0.0884718895,0.5826669931,0.191447343500721,0.5512225901541303,0.7367031412327916,0.2866305494714501
"(10.471623954018797, 105.53380155356476)",Non Rice,0.1193304509,0.6642602086,0.2377130574980429,0.5442448460349322,0.7350188980380475,0.260707566569536
"(10.015305671742361, 105.8103360650496)",Non Rice,0.0136977024,0.024401471,0.8622997315792943,0.013722563298573,0.1047115393546828,-0.0532619760388871
"(10.015305671742361, 105.81079029387922)",Non Rice,0.0023501203,0.0101815024,0.3248509686107793,-0.0282361111756174,0.0400023622496032,-0.0962940547182163
"(10.0148514429127, 105.81079029387922)",Non Rice,0.0028901091,0.0109940581,0.379884518431083,0.008061458542128,0.1159304475803078,-0.0706124756283495
"(10.015305671742361, 105.81124452270888)",Non Rice,0.0037493797,0.0090806689,0.6319121046955156,-0.0812152235584502,-0.0496331072580869,-0.1355601679779891
"(10.0148514429127, 105.81124452270888)",Non Rice,0.0060504521,0.0157894175,0.5832660126144886,-0.0441710422446116,0.0291897803625876,-0.1093447661569657
"(10.014397214083042, 105.81124452270888)",Non Rice,0.0063242312,0.0101136323,0.9545606871506568,-0.016925809129883,0.0874001959854901,-0.0909117146469363
"(10.013942985253381, 105.81124452270888)",Non Rice,0.0028398081,0.0162469074,0.2295602460443265,0.0255858337502414,0.1801322047561467,-0.0629926059970193
"(10.015759900572021, 105.8116987515385)",Non Rice,0.0061039538,0.0109547796,0.8561634332642943,-0.1417559472528779,-0.0790578660041204,-0.1730909078041038
"(10.015305671742361, 105.8116987515385)",Non Rice,0.0030450274,0.0191029292,0.2039136520961828,-0.1238146036425942,-0.0791649950460924,-0.1610013810990781
"(10.0148514429127, 105.8116987515385)",Non Rice,0.0041144406,0.0055853501,1.1050518135948093,-0.0880535369351923,-0.0445379820583041,-0.1352129442482395
"(10.014397214083042, 105.8116987515385)",Non Rice,0.0041166716,0.0122461598,0.5047678003721845,-0.0613001295314416,0.0140231046857691,-0.11786083449802
"(10.013942985253381, 105.8116987515385)",Non Rice,0.0041241162,0.0108160889,0.5801248806008072,-0.0142278448311087,0.1258908710529135,-0.0900974549043218
"(10.01348875642372, 105.8116987515385)",Non Rice,0.0041770143,0.0070962701,0.9021593183797854,0.0267349810337245,0.2103754146762031,-0.0649390657746912
"(10.015759900572021, 105.81215298036815)",Non Rice,0.0037582512,0.0111372573,0.5069389932745163,-0.1691965421670387,-0.0790324113677406,-0.2052760269459331
"(10.015305671742361, 105.81215298036815)",Non Rice,0.0069901068,0.0071470491,1.3907294050361805,-0.1541452843349333,-0.079779112912176,-0.1860572566010682
"(10.0148514429127, 105.81215298036815)",Non Rice,0.0055047479,0.0068367352,1.1915577995089033,-0.1233169010697435,-0.0734073345392736,-0.1545084655754092
"(10.014397214083042, 105.81215298036815)",Non Rice,0.004116951,0.0113138594,0.551239634129414,-0.1008737257428254,-0.0633361296304473,-0.1378987972252119
"(10.013942985253381, 105.81215298036815)",Non Rice,0.0031029161,0.0065066717,0.7339355119416765,-0.0530632799778529,0.0536628684919506,-0.1097948871144956
"(10.01348875642372, 105.81215298036815)",Non Rice,0.0059952396,0.0076945168,1.159247659027151,-0.0105990597266233,0.1516352418096923,-0.0848011137800198
"(10.013034527594062, 105.81215298036815)",Non Rice,0.0033323173,0.0119088413,0.4089333586203739,0.0345475997971375,0.2066868924524796,-0.068685772622644
"(10.015759900572021, 105.81260720919778)",Non Rice,0.0051782252,0.0072275391,1.078688636592989,-0.1937403673016433,-0.0780951507929233,-0.255255802160974
"(10.015305671742361, 105.81260720919778)",Non Rice,0.0071155606,0.0146307414,0.7486788272994964,-0.1837481397744896,-0.0780227501253298,-0.2414155199686145
"(10.0148514429127, 105.81260720919778)",Non Rice,0.002470202,0.0196782928,0.1489849395688161,-0.159774176928967,-0.0728985148539654,-0.212160292136231
"(10.014397214083042, 105.81260720919778)",Non Rice,0.0027715494,0.0061989301,0.6869425849816615,-0.1416648052921577,-0.0672450832512663,-0.194927440010282
"(10.013942985253381, 105.81260720919778)",Non Rice,0.0048476416,0.0077707469,0.9524669286584384,-0.1025292422838881,-0.0539577075938229,-0.1635922380659743
"(10.01348875642372, 105.81260720919778)",Non Rice,0.0012770823,0.0094417138,0.164501289092361,-0.0597102995820188,0.0542313291689423,-0.1320710544407084
"(10.013034527594062, 105.81260720919778)",Non Rice,0.0024310092,0.0174005255,0.1716743487860355,-0.0023814859154497,0.1320503544166612,-0.0942415192686187
"(10.012580298764401, 105.81260720919778)",Non Rice,0.0051059588,0.0117745902,0.665420383368394,0.0166827654286227,0.172295792112425,-0.087487663854676
"(10.016214129401682, 105.81306143802743)",Non Rice,0.0042284816,0.0054019783,1.163767214551119,-0.2085697438061604,-0.0831903156201624,-0.2914521493868547
"(10.015759900572021, 105.81306143802743)",Non Rice,0.0053420579,0.010891973,0.7550632362595142,-0.2010846639839832,-0.0782793382014198,-0.2776321844834989
"(10.015305671742361, 105.81306143802743)",Non Rice,0.0078037698,0.0042930446,2.0725744501411114,-0.1957162163525339,-0.0767458959815131,-0.2703747881902651
"(10.0148514429127, 105.81306143802743)",Non Rice,0.0083984965,0.012064524,1.0517383272274163,-0.179043500512631,-0.072158197754966,-0.2481680707377656
"(10.014397214083042, 105.81306143802743)",Non Rice,0.0030954985,0.0138740921,0.3116368751079481,-0.1659115309835498,-0.0666567401730228,-0.23426022228013
"(10.013942985253381, 105.81306143802743)",Non Rice,0.0069906143,0.0055739223,1.6600198806496134,-0.138647840398741,-0.0612546045970573,-0.2123775443627592
"(10.01348875642372, 105.81306143802743)",Non Rice,0.0043688938,0.0053181374,1.2115216388525756,-0.1014219179625499,-0.0427316171433596,-0.1868712677779455
"(10.013034527594062, 105.81306143802743)",Non Rice,0.0045987885,0.0054029096,1.247138063533663,-0.0324047125844855,0.0863213811420982,-0.143910677942323
"(10.012580298764401, 105.81306143802743)",Non Rice,0.0054795849,0.0085749095,0.9737750467968072,-0.0098809317143322,0.1151165045898176,-0.1094866995486512
"(10.012126069934741, 105.81306143802743)",Non Rice,0.0042971242,0.0039432077,1.5062941667606284,0.0069688881280364,0.1588635463344378,-0.1011310577328276
"(10.01167184110508, 105.81306143802743)",Non Rice,0.0042411094,0.0163150243,0.3748582329802269,0.0291516959500347,0.2088202878929436,-0.0925782648359642
"(10.016214129401682, 105.81351566685709)",Non Rice,0.0045049344,0.0153603414,0.4319672282388002,-0.2107850087878472,-0.086125848855815,-0.3033092115088627
"(10.015759900572021, 105.81351566685709)",Non Rice,0.0055364617,0.0123138698,0.6909378948253206,-0.2073499367771675,-0.0803558131300528,-0.3000833925589193
"(10.015305671742361, 105.81351566685709)",Non Rice,0.0019594212,0.0111394478,0.2314200573952941,-0.2063187251804771,-0.0779822143869319,-0.302492732391787
"(10.0148514429127, 105.81351566685709)",Non Rice,0.0051540346,0.0081212344,0.9676448528428936,-0.1983246735606329,-0.0713861155678219,-0.2916541129709062
"(10.014397214083042, 105.81351566685709)",Non Rice,0.0052233953,0.0137109524,0.5795805601116638,-0.1916883151990697,-0.0651457719275275,-0.2830985392489536
"(10.013942985253381, 105.81351566685709)",Non Rice,0.0063311281,0.0096095167,1.0012045523457922,-0.1776923605666813,-0.060101321963158,-0.2695885946001438
"(10.01348875642372, 105.81351566685709)",Non Rice,0.0052187564,0.0077548018,1.020520828170726,-0.149688770328186,-0.0518522260814651,-0.2487546264996963
"(10.013034527594062, 105.81351566685709)",Non Rice,0.0055226511,0.0151797133,0.5511267347071162,-0.1081020643254911,-0.046371228412734,-0.2054602870941716
"(10.012580298764401, 105.81351566685709)",Non Rice,0.0023004347,0.0053200601,0.6634376279501153,-0.0756836773683409,0.0373154877120986,-0.1739232647156334
"(10.012126069934741, 105.81351566685709)",Non Rice,0.0022999742,0.0107709263,0.2952474632203534,-0.04673596702399,0.1152632849483849,-0.1522345428851287
"(10.01167184110508, 105.81351566685709)",Non Rice,0.004893959,0.0106589673,0.7060448836509768,-0.017412450337352,0.1802911727720183,-0.1301744963859132
"(10.009400696956781, 105.67088781435012)",Non Rice,0.0671517104,0.2856176794,0.3322073745048923,0.3898322347291864,0.5821623632483077,0.2814694311183413
"(10.0103091546161, 105.67134204317975)",Non Rice,0.0570090227,0.1287411153,0.6801139262496491,0.3869769908103673,0.6285857512294492,0.2478315789473684
"(10.009854925786442, 105.67134204317975)",Non Rice,0.0642794892,0.2516813576,0.3670444935599847,0.4071842613971062,0.6151019710528619,0.2892696090824108
"(10.009400696956781, 105.67134204317975)",Non Rice,0.0944915414,0.2621130347,0.5455932940294118,0.4027924519658883,0.6022004406143298,0.2892696090824108
"(10.008946468127121, 105.67134204317975)",Non Rice,0.1545608044,0.3688129783,0.6419350656638508,0.4167127901671916,0.5827128569357878,0.2863291122706879
"(10.010763383445761, 105.6717962720094)",Non Rice,0.0658986643,0.437664777,0.1893623436743993,0.4209145007019376,0.658277109163571,0.2494681141236157
"(10.0103091546161, 105.6717962720094)",Non Rice,0.078425765,0.1796570569,0.6700535135557726,0.4068945452836092,0.6479436349569048,0.2494681141236157
"(10.009854925786442, 105.6717962720094)",Non Rice,0.0540962629,0.0956182703,0.8687902663272508,0.4568014521737109,0.6354853430268863,0.2494681141236157
"(10.009400696956781, 105.6717962720094)",Non Rice,0.0641367137,0.5635920167,0.1306357482013403,0.4478153812988126,0.6237376404073256,0.2494681141236157
"(10.008946468127121, 105.6717962720094)",Non Rice,0.1245108917,0.5049018860000001,0.3519392251217019,0.4404756150087841,0.6049457883786082,0.2494681141236157
"(10.00849223929746, 105.6717962720094)",Non Rice,0.0834716335,0.2506482601,0.4994762684293584,0.4217011776108245,0.5883426677258032,0.2428699675436779
"(10.01167184110508, 105.67225050083903)",Non Rice,0.0666977391,0.1958952546,0.5120377241367731,0.4318175624202798,0.6762301213344135,0.2569279929480469
"(10.011217612275422, 105.67225050083903)",Non Rice,0.1126945019,0.4099146128,0.4005425091125221,0.4638141177224127,0.6715824801659506,0.3679396607624313
"(10.010763383445761, 105.67225050083903)",Non Rice,0.0436822847,0.1265462786,0.5199593093482109,0.4508091096896059,0.6656290217663796,0.3551826877842245
"(10.0103091546161, 105.67225050083903)",Non Rice,0.0894273147,0.2538743615,0.5318037440481977,0.4403808656250382,0.6574244181526365,0.3403407031533165
"(10.009854925786442, 105.67225050083903)",Non Rice,0.0566260368,0.1720104367,0.4930216288946834,0.4915753181839287,0.646742235639105,0.3599325179249262
"(10.009400696956781, 105.67225050083903)",Non Rice,0.0327711552,0.2913005948,0.1286281003981999,0.4886771301948435,0.636524449588342,0.3766715212498345
"(10.008946468127121, 105.67225050083903)",Non Rice,0.0493191704,0.2924867272,0.219237230668005,0.5176989897235976,0.6182506731168774,0.3954951877982137
"(10.00849223929746, 105.67225050083903)",Non Rice,0.0825141817,0.176760748,0.7181449307147649,0.49706688126409,0.6015664277062475,0.3948201104533433
"(10.008038010467802, 105.67225050083903)",Non Rice,0.0935280025,0.3214787543,0.4279467461417137,0.4781868705814754,0.5821105946003633,0.3926017169350511
"(10.012580298764401, 105.67270472966868)",Non Rice,0.0194179378,0.3022649288,0.0593229520497052,0.4766000962600647,0.6724107975499295,0.3693546800834407
"(10.012126069934741, 105.67270472966868)",Non Rice,0.0380145423,0.3798092306,0.1097728451430609,0.4627532398737554,0.6769898182377154,0.3655000597239049
"(10.01167184110508, 105.67270472966868)",Non Rice,0.0831670836,0.2052594274,0.619347566153155,0.4363408716536644,0.6789131454410458,0.2569279929480469
"(10.011217612275422, 105.67270472966868)",Non Rice,0.0601783656,0.5861729383000001,0.1136364427253762,0.4665662596164597,0.67620118603501,0.3727968387380042
"(10.010763383445761, 105.67270472966868)",Non Rice,0.041342929,0.0800300092,0.7952049146878728,0.4598905458786895,0.6751379585627597,0.3663913718292945
"(10.0103091546161, 105.67270472966868)",Non Rice,0.0503260419,0.1848440021,0.3959826456823834,0.475194156068652,0.6698334845157347,0.3581524482584552
"(10.009854925786442, 105.67270472966868)",Non Rice,0.0513913743,0.3677122891,0.1717564888028263,0.4626455603085988,0.6620576025458079,0.3325920778318277
"(10.009400696956781, 105.67270472966868)",Non Rice,0.0378383733,0.4354973137,0.0904075715491496,0.4912248989982019,0.6530360382987359,0.3739740692280242
"(10.008946468127121, 105.67270472966868)",Non Rice,0.0538799018,0.4189815521,0.1538506426892208,0.5250468365341557,0.6368750754618819,0.3871354923451293
"(10.00849223929746, 105.67270472966868)",Non Rice,0.1269177645,0.1925909221,1.001427716660532,0.5073638105703043,0.6203291472708304,0.3879053013354596
"(10.008038010467802, 105.67270472966868)",Non Rice,0.0630635619,0.2487725317,0.3637794517505188,0.4901997369210307,0.6009500901767247,0.3879915980818262
"(10.007583781638141, 105.67270472966868)",Non Rice,0.0668063164,0.5992332101,0.1270680236964078,0.4847522782058974,0.5900860798122293,0.3890928226064762
"(10.013034527594062, 105.6731589584983)",Non Rice,0.0637793764,0.419872731,0.191549387493745,0.4804137842162947,0.6555330990914316,0.3724136409174563
"(10.012580298764401, 105.6731589584983)",Non Rice,0.0662811622,0.2910702229,0.3195228777883089,0.4673700710562907,0.6702233207857463,0.3639171293008463
"(10.012126069934741, 105.6731589584983)",Non Rice,0.0556355976,0.4710668325,0.137322323824118,0.4552408165518146,0.6761984020342999,0.360686696309818
"(10.01167184110508, 105.6731589584983)",Non Rice,0.1219274327,0.2089660615,0.8947048524852048,0.4297051279520695,0.6785725585577398,0.2582452827905062
"(10.011217612275422, 105.6731589584983)",Non Rice,0.0704603046,0.3504094183,0.2740029507490331,0.4585307243965204,0.6767663687263138,0.3637007816902588
"(10.010763383445761, 105.6731589584983)",Non Rice,0.0756461769,0.162845239,0.714547887161962,0.4572591451407333,0.6782077571743446,0.3612733826362563
"(10.0103091546161, 105.6731589584983)",Non Rice,0.052630771,0.3998275399,0.1586907945853752,0.4770837972651173,0.6744390733117648,0.3562674065652088
"(10.009854925786442, 105.6731589584983)",Non Rice,0.0307778288,0.1405471265,0.3045692262058754,0.4692263042650647,0.6676435344275204,0.3494666025949063
"(10.009400696956781, 105.6731589584983)",Non Rice,0.0232344028,0.1549863517,0.1882867875057224,0.4666122770305373,0.6598032855593681,0.3508699254349627
"(10.008946468127121, 105.6731589584983)",Non Rice,0.0401779525,0.1834382564,0.3046398916872708,0.4502113057004234,0.6446303811826578,0.2725010369141435
"(10.00849223929746, 105.6731589584983)",Non Rice,0.0574185215,0.1771537811,0.4844209343502644,0.4873225647210226,0.6288162838402415,0.3799009278092341
"(10.008038010467802, 105.6731589584983)",Non Rice,0.0730139762,0.0933204591,1.1633107437517043,0.4745489536153241,0.6083468294651561,0.3806636332965561
"(10.007583781638141, 105.6731589584983)",Non Rice,0.0453472659,0.2632034123,0.2253704098828005,0.4694173740402132,0.5961162545382878,0.3807354126851908
"(10.013942985253381, 105.67361318732796)",Non Rice,0.0906467512,0.2096529007,0.6633704370960727,0.4822492036565262,0.6282488510871801,0.3754512295475559
"(10.01348875642372, 105.67361318732796)",Non Rice,0.0661135465,0.3451766074,0.2577942365979679,0.4769028151850788,0.6369950467631373,0.3719338340037562
"(10.013034527594062, 105.67361318732796)",Non Rice,0.1040135249,0.4223596752,0.3513614080241107,0.4724670469619521,0.6443899433492281,0.3683209805280086
"(10.012580298764401, 105.67361318732796)",Non Rice,0.1273448467,0.0884729996,1.8130134347128208,0.4637522368794471,0.6612376445600336,0.3620645535501041
"(10.012126069934741, 105.67361318732796)",Non Rice,0.0415162034,0.3620395064,0.1319870108132627,0.4558925327773749,0.6691436363336137,0.3601441916876816
